
 /----------------------------------------------------------------------------\
 |                                                                            |
 |  yosys -- Yosys Open SYnthesis Suite                                       |
 |                                                                            |
 |  Copyright (C) 2012 - 2020  Claire Xenia Wolf <claire@yosyshq.com>         |
 |                                                                            |
 |  Permission to use, copy, modify, and/or distribute this software for any  |
 |  purpose with or without fee is hereby granted, provided that the above    |
 |  copyright notice and this permission notice appear in all copies.         |
 |                                                                            |
 |  THE SOFTWARE IS PROVIDED "AS IS" AND THE AUTHOR DISCLAIMS ALL WARRANTIES  |
 |  WITH REGARD TO THIS SOFTWARE INCLUDING ALL IMPLIED WARRANTIES OF          |
 |  MERCHANTABILITY AND FITNESS. IN NO EVENT SHALL THE AUTHOR BE LIABLE FOR   |
 |  ANY SPECIAL, DIRECT, INDIRECT, OR CONSEQUENTIAL DAMAGES OR ANY DAMAGES    |
 |  WHATSOEVER RESULTING FROM LOSS OF USE, DATA OR PROFITS, WHETHER IN AN     |
 |  ACTION OF CONTRACT, NEGLIGENCE OR OTHER TORTIOUS ACTION, ARISING OUT OF   |
 |  OR IN CONNECTION WITH THE USE OR PERFORMANCE OF THIS SOFTWARE.            |
 |                                                                            |
 \----------------------------------------------------------------------------/

 Yosys 0.33 (git sha1 2584903a060)


-- Executing script file `sta/nangate45_map.ys' --

1. Executing Verilog-2005 frontend: rtl/program_counter.v
Parsing Verilog input from `rtl/program_counter.v' to AST representation.
Generating RTLIL representation for module `\program_counter'.
Successfully finished Verilog frontend.

2. Executing Verilog-2005 frontend: rtl/instruction_memory.v
Parsing Verilog input from `rtl/instruction_memory.v' to AST representation.
Generating RTLIL representation for module `\instruction_memory'.
Successfully finished Verilog frontend.

3. Executing Verilog-2005 frontend: rtl/instruction_decoder.v
Parsing Verilog input from `rtl/instruction_decoder.v' to AST representation.
Generating RTLIL representation for module `\instruction_decoder'.
Successfully finished Verilog frontend.

4. Executing Verilog-2005 frontend: rtl/register_file.v
Parsing Verilog input from `rtl/register_file.v' to AST representation.
Generating RTLIL representation for module `\register_file'.
Warning: Replacing memory \registers with list of registers. See rtl/register_file.v:27
Successfully finished Verilog frontend.

5. Executing Verilog-2005 frontend: rtl/immediate_generator.v
Parsing Verilog input from `rtl/immediate_generator.v' to AST representation.
Generating RTLIL representation for module `\immediate_generator'.
Successfully finished Verilog frontend.

6. Executing Verilog-2005 frontend: rtl/alu.v
Parsing Verilog input from `rtl/alu.v' to AST representation.
Generating RTLIL representation for module `\alu'.
Successfully finished Verilog frontend.

7. Executing Verilog-2005 frontend: rtl/alu_control.v
Parsing Verilog input from `rtl/alu_control.v' to AST representation.
Generating RTLIL representation for module `\alu_control'.
Successfully finished Verilog frontend.

8. Executing Verilog-2005 frontend: rtl/control_unit.v
Parsing Verilog input from `rtl/control_unit.v' to AST representation.
Generating RTLIL representation for module `\control_unit'.
Successfully finished Verilog frontend.

9. Executing Verilog-2005 frontend: rtl/data_memory.v
Parsing Verilog input from `rtl/data_memory.v' to AST representation.
Generating RTLIL representation for module `\data_memory'.
Successfully finished Verilog frontend.

10. Executing Verilog-2005 frontend: rtl/branch_unit.v
Parsing Verilog input from `rtl/branch_unit.v' to AST representation.
Generating RTLIL representation for module `\branch_unit'.
Successfully finished Verilog frontend.

11. Executing Verilog-2005 frontend: rtl/riscv_cpu.v
Parsing Verilog input from `rtl/riscv_cpu.v' to AST representation.
Generating RTLIL representation for module `\riscv_cpu'.
Successfully finished Verilog frontend.

12. Executing Verilog-2005 frontend: rtl/top.v
Parsing Verilog input from `rtl/top.v' to AST representation.
Generating RTLIL representation for module `\top'.
Successfully finished Verilog frontend.

13. Executing Verilog-2005 frontend: /home/piyush/OpenROAD/test/Nangate45/work_around_yosys/cells.v
Parsing Verilog input from `/home/piyush/OpenROAD/test/Nangate45/work_around_yosys/cells.v' to AST representation.
Generating RTLIL representation for module `\AND2_X1'.
Generating RTLIL representation for module `\AND2_X2'.
Generating RTLIL representation for module `\AND2_X4'.
Generating RTLIL representation for module `\AND3_X1'.
Generating RTLIL representation for module `\AND3_X2'.
Generating RTLIL representation for module `\AND3_X4'.
Generating RTLIL representation for module `\AND4_X1'.
Generating RTLIL representation for module `\AND4_X2'.
Generating RTLIL representation for module `\AND4_X4'.
Generating RTLIL representation for module `\AOI211_X1'.
Generating RTLIL representation for module `\AOI211_X2'.
Generating RTLIL representation for module `\AOI211_X4'.
Generating RTLIL representation for module `\AOI21_X1'.
Generating RTLIL representation for module `\AOI21_X2'.
Generating RTLIL representation for module `\AOI21_X4'.
Generating RTLIL representation for module `\AOI221_X1'.
Generating RTLIL representation for module `\AOI221_X2'.
Generating RTLIL representation for module `\AOI221_X4'.
Generating RTLIL representation for module `\AOI222_X1'.
Generating RTLIL representation for module `\AOI222_X2'.
Generating RTLIL representation for module `\AOI222_X4'.
Generating RTLIL representation for module `\AOI22_X1'.
Generating RTLIL representation for module `\AOI22_X2'.
Generating RTLIL representation for module `\AOI22_X4'.
Generating RTLIL representation for module `\BUF_X1'.
Generating RTLIL representation for module `\BUF_X2'.
Generating RTLIL representation for module `\BUF_X4'.
Generating RTLIL representation for module `\BUF_X8'.
Generating RTLIL representation for module `\BUF_X16'.
Generating RTLIL representation for module `\BUF_X32'.
Generating RTLIL representation for module `\CLKBUF_X1'.
Generating RTLIL representation for module `\CLKBUF_X2'.
Generating RTLIL representation for module `\CLKBUF_X3'.
Generating RTLIL representation for module `\CLKBUF_X4'.
Generating RTLIL representation for module `\DFF_X1'.
Warning: wire '\Q' is assigned in a block at /home/piyush/OpenROAD/test/Nangate45/work_around_yosys/cells.v:334.7-334.13.
Warning: wire '\QN' is assigned in a block at /home/piyush/OpenROAD/test/Nangate45/work_around_yosys/cells.v:335.7-335.15.
Generating RTLIL representation for module `\DFF_X2'.
Warning: wire '\Q' is assigned in a block at /home/piyush/OpenROAD/test/Nangate45/work_around_yosys/cells.v:345.7-345.13.
Warning: wire '\QN' is assigned in a block at /home/piyush/OpenROAD/test/Nangate45/work_around_yosys/cells.v:346.7-346.15.
Generating RTLIL representation for module `\DFFR_X1'.
Warning: wire '\Q' is assigned in a block at /home/piyush/OpenROAD/test/Nangate45/work_around_yosys/cells.v:358.8-358.14.
Warning: wire '\Q' is assigned in a block at /home/piyush/OpenROAD/test/Nangate45/work_around_yosys/cells.v:360.8-360.14.
Generating RTLIL representation for module `\DFFR_X2'.
Warning: wire '\Q' is assigned in a block at /home/piyush/OpenROAD/test/Nangate45/work_around_yosys/cells.v:372.8-372.14.
Warning: wire '\Q' is assigned in a block at /home/piyush/OpenROAD/test/Nangate45/work_around_yosys/cells.v:374.8-374.14.
Generating RTLIL representation for module `\DFFS_X1'.
Warning: wire '\Q' is assigned in a block at /home/piyush/OpenROAD/test/Nangate45/work_around_yosys/cells.v:386.8-386.14.
Warning: wire '\Q' is assigned in a block at /home/piyush/OpenROAD/test/Nangate45/work_around_yosys/cells.v:388.8-388.14.
Generating RTLIL representation for module `\DFFS_X2'.
Warning: wire '\Q' is assigned in a block at /home/piyush/OpenROAD/test/Nangate45/work_around_yosys/cells.v:400.8-400.14.
Warning: wire '\Q' is assigned in a block at /home/piyush/OpenROAD/test/Nangate45/work_around_yosys/cells.v:402.8-402.14.
Generating RTLIL representation for module `\HA_X1'.
Generating RTLIL representation for module `\FA_X1'.
Generating RTLIL representation for module `\INV_X1'.
Generating RTLIL representation for module `\INV_X16'.
Generating RTLIL representation for module `\INV_X2'.
Generating RTLIL representation for module `\INV_X32'.
Generating RTLIL representation for module `\INV_X4'.
Generating RTLIL representation for module `\INV_X8'.
Generating RTLIL representation for module `\LOGIC0_X1'.
Generating RTLIL representation for module `\LOGIC1_X1'.
Generating RTLIL representation for module `\MUX2_X1'.
Generating RTLIL representation for module `\MUX2_X2'.
Generating RTLIL representation for module `\NAND2_X1'.
Generating RTLIL representation for module `\NAND2_X2'.
Generating RTLIL representation for module `\NAND2_X4'.
Generating RTLIL representation for module `\NAND3_X1'.
Generating RTLIL representation for module `\NAND3_X2'.
Generating RTLIL representation for module `\NAND3_X4'.
Generating RTLIL representation for module `\NAND4_X1'.
Generating RTLIL representation for module `\NAND4_X2'.
Generating RTLIL representation for module `\NAND4_X4'.
Generating RTLIL representation for module `\NOR2_X1'.
Generating RTLIL representation for module `\NOR2_X2'.
Generating RTLIL representation for module `\NOR2_X4'.
Generating RTLIL representation for module `\NOR3_X1'.
Generating RTLIL representation for module `\NOR3_X2'.
Generating RTLIL representation for module `\NOR3_X4'.
Generating RTLIL representation for module `\NOR4_X1'.
Generating RTLIL representation for module `\NOR4_X2'.
Generating RTLIL representation for module `\NOR4_X4'.
Generating RTLIL representation for module `\OAI211_X1'.
Generating RTLIL representation for module `\OAI211_X2'.
Generating RTLIL representation for module `\OAI211_X4'.
Generating RTLIL representation for module `\OAI21_X1'.
Generating RTLIL representation for module `\OAI21_X2'.
Generating RTLIL representation for module `\OAI21_X4'.
Generating RTLIL representation for module `\OAI221_X1'.
Generating RTLIL representation for module `\OAI221_X2'.
Generating RTLIL representation for module `\OAI221_X4'.
Generating RTLIL representation for module `\OAI222_X1'.
Generating RTLIL representation for module `\OAI222_X2'.
Generating RTLIL representation for module `\OAI222_X4'.
Generating RTLIL representation for module `\OAI22_X1'.
Generating RTLIL representation for module `\OAI22_X2'.
Generating RTLIL representation for module `\OAI22_X4'.
Generating RTLIL representation for module `\OAI33_X1'.
Generating RTLIL representation for module `\OR2_X1'.
Generating RTLIL representation for module `\OR2_X2'.
Generating RTLIL representation for module `\OR2_X4'.
Generating RTLIL representation for module `\OR3_X1'.
Generating RTLIL representation for module `\OR3_X2'.
Generating RTLIL representation for module `\OR3_X4'.
Generating RTLIL representation for module `\OR4_X1'.
Generating RTLIL representation for module `\OR4_X2'.
Generating RTLIL representation for module `\OR4_X4'.
Generating RTLIL representation for module `\XNOR2_X1'.
Generating RTLIL representation for module `\XNOR2_X2'.
Generating RTLIL representation for module `\XNOR2_X4'.
Generating RTLIL representation for module `\XOR2_X1'.
Generating RTLIL representation for module `\XOR2_X2'.
Successfully finished Verilog frontend.

14. Executing HIERARCHY pass (managing design hierarchy).

14.1. Analyzing design hierarchy..
Top module:  \top
Used module:     \riscv_cpu
Used module:         \branch_unit
Used module:         \data_memory
Used module:         \alu
Used module:         \alu_control
Used module:         \control_unit
Used module:         \immediate_generator
Used module:         \register_file
Used module:         \instruction_decoder
Used module:         \instruction_memory
Used module:         \program_counter

14.2. Analyzing design hierarchy..
Top module:  \top
Used module:     \riscv_cpu
Used module:         \branch_unit
Used module:         \data_memory
Used module:         \alu
Used module:         \alu_control
Used module:         \control_unit
Used module:         \immediate_generator
Used module:         \register_file
Used module:         \instruction_decoder
Used module:         \instruction_memory
Used module:         \program_counter
Removing unused module `\XOR2_X2'.
Removing unused module `\XOR2_X1'.
Removing unused module `\XNOR2_X4'.
Removing unused module `\XNOR2_X2'.
Removing unused module `\XNOR2_X1'.
Removing unused module `\OR4_X4'.
Removing unused module `\OR4_X2'.
Removing unused module `\OR4_X1'.
Removing unused module `\OR3_X4'.
Removing unused module `\OR3_X2'.
Removing unused module `\OR3_X1'.
Removing unused module `\OR2_X4'.
Removing unused module `\OR2_X2'.
Removing unused module `\OR2_X1'.
Removing unused module `\OAI33_X1'.
Removing unused module `\OAI22_X4'.
Removing unused module `\OAI22_X2'.
Removing unused module `\OAI22_X1'.
Removing unused module `\OAI222_X4'.
Removing unused module `\OAI222_X2'.
Removing unused module `\OAI222_X1'.
Removing unused module `\OAI221_X4'.
Removing unused module `\OAI221_X2'.
Removing unused module `\OAI221_X1'.
Removing unused module `\OAI21_X4'.
Removing unused module `\OAI21_X2'.
Removing unused module `\OAI21_X1'.
Removing unused module `\OAI211_X4'.
Removing unused module `\OAI211_X2'.
Removing unused module `\OAI211_X1'.
Removing unused module `\NOR4_X4'.
Removing unused module `\NOR4_X2'.
Removing unused module `\NOR4_X1'.
Removing unused module `\NOR3_X4'.
Removing unused module `\NOR3_X2'.
Removing unused module `\NOR3_X1'.
Removing unused module `\NOR2_X4'.
Removing unused module `\NOR2_X2'.
Removing unused module `\NOR2_X1'.
Removing unused module `\NAND4_X4'.
Removing unused module `\NAND4_X2'.
Removing unused module `\NAND4_X1'.
Removing unused module `\NAND3_X4'.
Removing unused module `\NAND3_X2'.
Removing unused module `\NAND3_X1'.
Removing unused module `\NAND2_X4'.
Removing unused module `\NAND2_X2'.
Removing unused module `\NAND2_X1'.
Removing unused module `\MUX2_X2'.
Removing unused module `\MUX2_X1'.
Removing unused module `\LOGIC1_X1'.
Removing unused module `\LOGIC0_X1'.
Removing unused module `\INV_X8'.
Removing unused module `\INV_X4'.
Removing unused module `\INV_X32'.
Removing unused module `\INV_X2'.
Removing unused module `\INV_X16'.
Removing unused module `\INV_X1'.
Removing unused module `\FA_X1'.
Removing unused module `\HA_X1'.
Removing unused module `\DFFS_X2'.
Removing unused module `\DFFS_X1'.
Removing unused module `\DFFR_X2'.
Removing unused module `\DFFR_X1'.
Removing unused module `\DFF_X2'.
Removing unused module `\DFF_X1'.
Removing unused module `\CLKBUF_X4'.
Removing unused module `\CLKBUF_X3'.
Removing unused module `\CLKBUF_X2'.
Removing unused module `\CLKBUF_X1'.
Removing unused module `\BUF_X32'.
Removing unused module `\BUF_X16'.
Removing unused module `\BUF_X8'.
Removing unused module `\BUF_X4'.
Removing unused module `\BUF_X2'.
Removing unused module `\BUF_X1'.
Removing unused module `\AOI22_X4'.
Removing unused module `\AOI22_X2'.
Removing unused module `\AOI22_X1'.
Removing unused module `\AOI222_X4'.
Removing unused module `\AOI222_X2'.
Removing unused module `\AOI222_X1'.
Removing unused module `\AOI221_X4'.
Removing unused module `\AOI221_X2'.
Removing unused module `\AOI221_X1'.
Removing unused module `\AOI21_X4'.
Removing unused module `\AOI21_X2'.
Removing unused module `\AOI21_X1'.
Removing unused module `\AOI211_X4'.
Removing unused module `\AOI211_X2'.
Removing unused module `\AOI211_X1'.
Removing unused module `\AND4_X4'.
Removing unused module `\AND4_X2'.
Removing unused module `\AND4_X1'.
Removing unused module `\AND3_X4'.
Removing unused module `\AND3_X2'.
Removing unused module `\AND3_X1'.
Removing unused module `\AND2_X4'.
Removing unused module `\AND2_X2'.
Removing unused module `\AND2_X1'.
Removed 100 unused modules.

15. Executing PROC pass (convert processes to netlists).

15.1. Executing PROC_CLEAN pass (remove empty switches from decision trees).
Cleaned up 0 empty switches.

15.2. Executing PROC_RMDEAD pass (remove dead branches from decision trees).
Marked 2 switch rules as full_case in process $proc$rtl/riscv_cpu.v:225$128 in module riscv_cpu.
Marked 4 switch rules as full_case in process $proc$rtl/branch_unit.v:13$114 in module branch_unit.
Marked 1 switch rules as full_case in process $proc$rtl/data_memory.v:25$96 in module data_memory.
Marked 1 switch rules as full_case in process $proc$rtl/control_unit.v:15$90 in module control_unit.
Marked 4 switch rules as full_case in process $proc$rtl/alu_control.v:11$88 in module alu_control.
Marked 1 switch rules as full_case in process $proc$rtl/alu.v:12$79 in module alu.
Marked 1 switch rules as full_case in process $proc$rtl/immediate_generator.v:12$78 in module immediate_generator.
Removed 1 dead cases from process $proc$rtl/register_file.v:0$75 in module register_file.
Marked 1 switch rules as full_case in process $proc$rtl/register_file.v:0$75 in module register_file.
Removed 1 dead cases from process $proc$rtl/register_file.v:0$72 in module register_file.
Marked 1 switch rules as full_case in process $proc$rtl/register_file.v:0$72 in module register_file.
Marked 3 switch rules as full_case in process $proc$rtl/register_file.v:24$59 in module register_file.
Marked 1 switch rules as full_case in process $proc$rtl/program_counter.v:12$1 in module program_counter.
Removed a total of 2 dead cases.

15.3. Executing PROC_PRUNE pass (remove redundant assignments in processes).
Removed 1 redundant assignment.
Promoted 41 assignments to connections.

15.4. Executing PROC_INIT pass (extract init attributes).

15.5. Executing PROC_ARST pass (detect async resets in processes).
Found async reset \reset in `\register_file.$proc$rtl/register_file.v:24$59'.
Found async reset \reset in `\program_counter.$proc$rtl/program_counter.v:12$1'.

15.6. Executing PROC_ROM pass (convert switches to ROMs).
Converted 0 switches.
<suppressed ~18 debug messages>

15.7. Executing PROC_MUX pass (convert decision trees to multiplexers).
Creating decoders for process `\riscv_cpu.$proc$rtl/riscv_cpu.v:225$128'.
     1/2: $2\next_pc[31:0]
     2/2: $1\next_pc[31:0]
Creating decoders for process `\branch_unit.$proc$rtl/branch_unit.v:13$114'.
     1/4: $4\branch_taken[0:0]
     2/4: $3\branch_taken[0:0]
     3/4: $2\branch_taken[0:0]
     4/4: $1\branch_taken[0:0]
Creating decoders for process `\data_memory.$proc$rtl/data_memory.v:0$109'.
Creating decoders for process `\data_memory.$proc$rtl/data_memory.v:25$96'.
     1/3: $1$memwr$\memory$rtl/data_memory.v:27$95_EN[31:0]$102
     2/3: $1$memwr$\memory$rtl/data_memory.v:27$95_DATA[31:0]$101
     3/3: $1$memwr$\memory$rtl/data_memory.v:27$95_ADDR[7:0]$100
Creating decoders for process `\control_unit.$proc$rtl/control_unit.v:15$90'.
     1/7: $1\mem_to_reg[0:0]
     2/7: $1\alu_src[0:0]
     3/7: $1\reg_write[0:0]
     4/7: $1\jump[0:0]
     5/7: $1\branch[0:0]
     6/7: $1\mem_write[0:0]
     7/7: $1\mem_read[0:0]
Creating decoders for process `\alu_control.$proc$rtl/alu_control.v:11$88'.
     1/4: $4\alu_control[3:0]
     2/4: $3\alu_control[3:0]
     3/4: $2\alu_control[3:0]
     4/4: $1\alu_control[3:0]
Creating decoders for process `\alu.$proc$rtl/alu.v:12$79'.
     1/1: $1\result[31:0]
Creating decoders for process `\immediate_generator.$proc$rtl/immediate_generator.v:12$78'.
     1/1: $1\immediate[31:0]
Creating decoders for process `\register_file.$proc$rtl/register_file.v:0$75'.
     1/1: $1$mem2reg_rd$\registers$rtl/register_file.v:36$58_DATA[31:0]$77
Creating decoders for process `\register_file.$proc$rtl/register_file.v:0$72'.
     1/1: $1$mem2reg_rd$\registers$rtl/register_file.v:35$57_DATA[31:0]$74
Creating decoders for process `\register_file.$proc$rtl/register_file.v:24$59'.
     1/37: $2$mem2reg_wr$\registers$rtl/register_file.v:30$56_ADDR[4:0]$66
     2/37: $2$mem2reg_wr$\registers$rtl/register_file.v:30$56_DATA[31:0]$67
     3/37: $1$mem2reg_wr$\registers$rtl/register_file.v:30$56_DATA[31:0]$63
     4/37: $1$mem2reg_wr$\registers$rtl/register_file.v:30$56_ADDR[4:0]$62
     5/37: $1\i[31:0]
     6/37: $0\registers[31][31:0]
     7/37: $0\registers[30][31:0]
     8/37: $0\registers[29][31:0]
     9/37: $0\registers[28][31:0]
    10/37: $0\registers[27][31:0]
    11/37: $0\registers[26][31:0]
    12/37: $0\registers[25][31:0]
    13/37: $0\registers[24][31:0]
    14/37: $0\registers[23][31:0]
    15/37: $0\registers[22][31:0]
    16/37: $0\registers[21][31:0]
    17/37: $0\registers[20][31:0]
    18/37: $0\registers[19][31:0]
    19/37: $0\registers[18][31:0]
    20/37: $0\registers[17][31:0]
    21/37: $0\registers[16][31:0]
    22/37: $0\registers[15][31:0]
    23/37: $0\registers[14][31:0]
    24/37: $0\registers[13][31:0]
    25/37: $0\registers[12][31:0]
    26/37: $0\registers[11][31:0]
    27/37: $0\registers[10][31:0]
    28/37: $0\registers[9][31:0]
    29/37: $0\registers[8][31:0]
    30/37: $0\registers[7][31:0]
    31/37: $0\registers[6][31:0]
    32/37: $0\registers[5][31:0]
    33/37: $0\registers[4][31:0]
    34/37: $0\registers[3][31:0]
    35/37: $0\registers[2][31:0]
    36/37: $0\registers[1][31:0]
    37/37: $0\registers[0][31:0]
Creating decoders for process `\instruction_memory.$proc$rtl/instruction_memory.v:0$37'.
Creating decoders for process `\program_counter.$proc$rtl/program_counter.v:12$1'.
     1/1: $0\pc[31:0]

15.8. Executing PROC_DLATCH pass (convert process syncs to latches).
No latch inferred for signal `\riscv_cpu.\next_pc' from process `\riscv_cpu.$proc$rtl/riscv_cpu.v:225$128'.
No latch inferred for signal `\branch_unit.\branch_taken' from process `\branch_unit.$proc$rtl/branch_unit.v:13$114'.
No latch inferred for signal `\data_memory.$memwr$\memory$rtl/data_memory.v:18$91_EN' from process `\data_memory.$proc$rtl/data_memory.v:0$109'.
No latch inferred for signal `\data_memory.$memwr$\memory$rtl/data_memory.v:19$92_EN' from process `\data_memory.$proc$rtl/data_memory.v:0$109'.
No latch inferred for signal `\data_memory.$memwr$\memory$rtl/data_memory.v:20$93_EN' from process `\data_memory.$proc$rtl/data_memory.v:0$109'.
No latch inferred for signal `\data_memory.$memwr$\memory$rtl/data_memory.v:21$94_EN' from process `\data_memory.$proc$rtl/data_memory.v:0$109'.
No latch inferred for signal `\control_unit.\reg_write' from process `\control_unit.$proc$rtl/control_unit.v:15$90'.
No latch inferred for signal `\control_unit.\mem_read' from process `\control_unit.$proc$rtl/control_unit.v:15$90'.
No latch inferred for signal `\control_unit.\mem_write' from process `\control_unit.$proc$rtl/control_unit.v:15$90'.
No latch inferred for signal `\control_unit.\alu_src' from process `\control_unit.$proc$rtl/control_unit.v:15$90'.
No latch inferred for signal `\control_unit.\mem_to_reg' from process `\control_unit.$proc$rtl/control_unit.v:15$90'.
No latch inferred for signal `\control_unit.\branch' from process `\control_unit.$proc$rtl/control_unit.v:15$90'.
No latch inferred for signal `\control_unit.\jump' from process `\control_unit.$proc$rtl/control_unit.v:15$90'.
No latch inferred for signal `\alu_control.\alu_control' from process `\alu_control.$proc$rtl/alu_control.v:11$88'.
No latch inferred for signal `\alu.\result' from process `\alu.$proc$rtl/alu.v:12$79'.
No latch inferred for signal `\immediate_generator.\immediate' from process `\immediate_generator.$proc$rtl/immediate_generator.v:12$78'.
No latch inferred for signal `\register_file.$mem2reg_rd$\registers$rtl/register_file.v:36$58_DATA' from process `\register_file.$proc$rtl/register_file.v:0$75'.
No latch inferred for signal `\register_file.$mem2reg_rd$\registers$rtl/register_file.v:35$57_DATA' from process `\register_file.$proc$rtl/register_file.v:0$72'.
No latch inferred for signal `\instruction_memory.$memwr$\memory$rtl/instruction_memory.v:18$2_EN' from process `\instruction_memory.$proc$rtl/instruction_memory.v:0$37'.
No latch inferred for signal `\instruction_memory.$memwr$\memory$rtl/instruction_memory.v:22$3_EN' from process `\instruction_memory.$proc$rtl/instruction_memory.v:0$37'.
No latch inferred for signal `\instruction_memory.$memwr$\memory$rtl/instruction_memory.v:26$4_EN' from process `\instruction_memory.$proc$rtl/instruction_memory.v:0$37'.
No latch inferred for signal `\instruction_memory.$memwr$\memory$rtl/instruction_memory.v:30$5_EN' from process `\instruction_memory.$proc$rtl/instruction_memory.v:0$37'.
No latch inferred for signal `\instruction_memory.$memwr$\memory$rtl/instruction_memory.v:34$6_EN' from process `\instruction_memory.$proc$rtl/instruction_memory.v:0$37'.
No latch inferred for signal `\instruction_memory.$memwr$\memory$rtl/instruction_memory.v:38$7_EN' from process `\instruction_memory.$proc$rtl/instruction_memory.v:0$37'.
No latch inferred for signal `\instruction_memory.$memwr$\memory$rtl/instruction_memory.v:42$8_EN' from process `\instruction_memory.$proc$rtl/instruction_memory.v:0$37'.
No latch inferred for signal `\instruction_memory.$memwr$\memory$rtl/instruction_memory.v:46$9_EN' from process `\instruction_memory.$proc$rtl/instruction_memory.v:0$37'.
No latch inferred for signal `\instruction_memory.$memwr$\memory$rtl/instruction_memory.v:50$10_EN' from process `\instruction_memory.$proc$rtl/instruction_memory.v:0$37'.
No latch inferred for signal `\instruction_memory.$memwr$\memory$rtl/instruction_memory.v:54$11_EN' from process `\instruction_memory.$proc$rtl/instruction_memory.v:0$37'.
No latch inferred for signal `\instruction_memory.$memwr$\memory$rtl/instruction_memory.v:59$12_EN' from process `\instruction_memory.$proc$rtl/instruction_memory.v:0$37'.
No latch inferred for signal `\instruction_memory.$memwr$\memory$rtl/instruction_memory.v:63$13_EN' from process `\instruction_memory.$proc$rtl/instruction_memory.v:0$37'.
No latch inferred for signal `\instruction_memory.$memwr$\memory$rtl/instruction_memory.v:67$14_EN' from process `\instruction_memory.$proc$rtl/instruction_memory.v:0$37'.
No latch inferred for signal `\instruction_memory.$memwr$\memory$rtl/instruction_memory.v:72$15_EN' from process `\instruction_memory.$proc$rtl/instruction_memory.v:0$37'.
No latch inferred for signal `\instruction_memory.$memwr$\memory$rtl/instruction_memory.v:76$16_EN' from process `\instruction_memory.$proc$rtl/instruction_memory.v:0$37'.
No latch inferred for signal `\instruction_memory.$memwr$\memory$rtl/instruction_memory.v:80$17_EN' from process `\instruction_memory.$proc$rtl/instruction_memory.v:0$37'.
No latch inferred for signal `\instruction_memory.$memwr$\memory$rtl/instruction_memory.v:83$18_EN' from process `\instruction_memory.$proc$rtl/instruction_memory.v:0$37'.

15.9. Executing PROC_DFF pass (convert process syncs to FFs).
Creating register for signal `\data_memory.$memwr$\memory$rtl/data_memory.v:27$95_ADDR' using process `\data_memory.$proc$rtl/data_memory.v:25$96'.
  created $dff cell `$procdff$1283' with positive edge clock.
Creating register for signal `\data_memory.$memwr$\memory$rtl/data_memory.v:27$95_DATA' using process `\data_memory.$proc$rtl/data_memory.v:25$96'.
  created $dff cell `$procdff$1284' with positive edge clock.
Creating register for signal `\data_memory.$memwr$\memory$rtl/data_memory.v:27$95_EN' using process `\data_memory.$proc$rtl/data_memory.v:25$96'.
  created $dff cell `$procdff$1285' with positive edge clock.
Creating register for signal `\register_file.\i' using process `\register_file.$proc$rtl/register_file.v:24$59'.
  created $adff cell `$procdff$1286' with positive edge clock and positive level reset.
Creating register for signal `\register_file.\registers[0]' using process `\register_file.$proc$rtl/register_file.v:24$59'.
  created $adff cell `$procdff$1287' with positive edge clock and positive level reset.
Creating register for signal `\register_file.\registers[1]' using process `\register_file.$proc$rtl/register_file.v:24$59'.
  created $adff cell `$procdff$1288' with positive edge clock and positive level reset.
Creating register for signal `\register_file.\registers[2]' using process `\register_file.$proc$rtl/register_file.v:24$59'.
  created $adff cell `$procdff$1289' with positive edge clock and positive level reset.
Creating register for signal `\register_file.\registers[3]' using process `\register_file.$proc$rtl/register_file.v:24$59'.
  created $adff cell `$procdff$1290' with positive edge clock and positive level reset.
Creating register for signal `\register_file.\registers[4]' using process `\register_file.$proc$rtl/register_file.v:24$59'.
  created $adff cell `$procdff$1291' with positive edge clock and positive level reset.
Creating register for signal `\register_file.\registers[5]' using process `\register_file.$proc$rtl/register_file.v:24$59'.
  created $adff cell `$procdff$1292' with positive edge clock and positive level reset.
Creating register for signal `\register_file.\registers[6]' using process `\register_file.$proc$rtl/register_file.v:24$59'.
  created $adff cell `$procdff$1293' with positive edge clock and positive level reset.
Creating register for signal `\register_file.\registers[7]' using process `\register_file.$proc$rtl/register_file.v:24$59'.
  created $adff cell `$procdff$1294' with positive edge clock and positive level reset.
Creating register for signal `\register_file.\registers[8]' using process `\register_file.$proc$rtl/register_file.v:24$59'.
  created $adff cell `$procdff$1295' with positive edge clock and positive level reset.
Creating register for signal `\register_file.\registers[9]' using process `\register_file.$proc$rtl/register_file.v:24$59'.
  created $adff cell `$procdff$1296' with positive edge clock and positive level reset.
Creating register for signal `\register_file.\registers[10]' using process `\register_file.$proc$rtl/register_file.v:24$59'.
  created $adff cell `$procdff$1297' with positive edge clock and positive level reset.
Creating register for signal `\register_file.\registers[11]' using process `\register_file.$proc$rtl/register_file.v:24$59'.
  created $adff cell `$procdff$1298' with positive edge clock and positive level reset.
Creating register for signal `\register_file.\registers[12]' using process `\register_file.$proc$rtl/register_file.v:24$59'.
  created $adff cell `$procdff$1299' with positive edge clock and positive level reset.
Creating register for signal `\register_file.\registers[13]' using process `\register_file.$proc$rtl/register_file.v:24$59'.
  created $adff cell `$procdff$1300' with positive edge clock and positive level reset.
Creating register for signal `\register_file.\registers[14]' using process `\register_file.$proc$rtl/register_file.v:24$59'.
  created $adff cell `$procdff$1301' with positive edge clock and positive level reset.
Creating register for signal `\register_file.\registers[15]' using process `\register_file.$proc$rtl/register_file.v:24$59'.
  created $adff cell `$procdff$1302' with positive edge clock and positive level reset.
Creating register for signal `\register_file.\registers[16]' using process `\register_file.$proc$rtl/register_file.v:24$59'.
  created $adff cell `$procdff$1303' with positive edge clock and positive level reset.
Creating register for signal `\register_file.\registers[17]' using process `\register_file.$proc$rtl/register_file.v:24$59'.
  created $adff cell `$procdff$1304' with positive edge clock and positive level reset.
Creating register for signal `\register_file.\registers[18]' using process `\register_file.$proc$rtl/register_file.v:24$59'.
  created $adff cell `$procdff$1305' with positive edge clock and positive level reset.
Creating register for signal `\register_file.\registers[19]' using process `\register_file.$proc$rtl/register_file.v:24$59'.
  created $adff cell `$procdff$1306' with positive edge clock and positive level reset.
Creating register for signal `\register_file.\registers[20]' using process `\register_file.$proc$rtl/register_file.v:24$59'.
  created $adff cell `$procdff$1307' with positive edge clock and positive level reset.
Creating register for signal `\register_file.\registers[21]' using process `\register_file.$proc$rtl/register_file.v:24$59'.
  created $adff cell `$procdff$1308' with positive edge clock and positive level reset.
Creating register for signal `\register_file.\registers[22]' using process `\register_file.$proc$rtl/register_file.v:24$59'.
  created $adff cell `$procdff$1309' with positive edge clock and positive level reset.
Creating register for signal `\register_file.\registers[23]' using process `\register_file.$proc$rtl/register_file.v:24$59'.
  created $adff cell `$procdff$1310' with positive edge clock and positive level reset.
Creating register for signal `\register_file.\registers[24]' using process `\register_file.$proc$rtl/register_file.v:24$59'.
  created $adff cell `$procdff$1311' with positive edge clock and positive level reset.
Creating register for signal `\register_file.\registers[25]' using process `\register_file.$proc$rtl/register_file.v:24$59'.
  created $adff cell `$procdff$1312' with positive edge clock and positive level reset.
Creating register for signal `\register_file.\registers[26]' using process `\register_file.$proc$rtl/register_file.v:24$59'.
  created $adff cell `$procdff$1313' with positive edge clock and positive level reset.
Creating register for signal `\register_file.\registers[27]' using process `\register_file.$proc$rtl/register_file.v:24$59'.
  created $adff cell `$procdff$1314' with positive edge clock and positive level reset.
Creating register for signal `\register_file.\registers[28]' using process `\register_file.$proc$rtl/register_file.v:24$59'.
  created $adff cell `$procdff$1315' with positive edge clock and positive level reset.
Creating register for signal `\register_file.\registers[29]' using process `\register_file.$proc$rtl/register_file.v:24$59'.
  created $adff cell `$procdff$1316' with positive edge clock and positive level reset.
Creating register for signal `\register_file.\registers[30]' using process `\register_file.$proc$rtl/register_file.v:24$59'.
  created $adff cell `$procdff$1317' with positive edge clock and positive level reset.
Creating register for signal `\register_file.\registers[31]' using process `\register_file.$proc$rtl/register_file.v:24$59'.
  created $adff cell `$procdff$1318' with positive edge clock and positive level reset.
Creating register for signal `\register_file.$mem2reg_wr$\registers$rtl/register_file.v:30$56_ADDR' using process `\register_file.$proc$rtl/register_file.v:24$59'.
  created $adff cell `$procdff$1319' with positive edge clock and positive level reset.
Creating register for signal `\register_file.$mem2reg_wr$\registers$rtl/register_file.v:30$56_DATA' using process `\register_file.$proc$rtl/register_file.v:24$59'.
  created $adff cell `$procdff$1320' with positive edge clock and positive level reset.
Creating register for signal `\program_counter.\pc' using process `\program_counter.$proc$rtl/program_counter.v:12$1'.
  created $adff cell `$procdff$1321' with positive edge clock and positive level reset.

15.10. Executing PROC_MEMWR pass (convert process memory writes to cells).

15.11. Executing PROC_CLEAN pass (remove empty switches from decision trees).
Found and cleaned up 2 empty switches in `\riscv_cpu.$proc$rtl/riscv_cpu.v:225$128'.
Removing empty process `riscv_cpu.$proc$rtl/riscv_cpu.v:225$128'.
Found and cleaned up 4 empty switches in `\branch_unit.$proc$rtl/branch_unit.v:13$114'.
Removing empty process `branch_unit.$proc$rtl/branch_unit.v:13$114'.
Removing empty process `data_memory.$proc$rtl/data_memory.v:0$109'.
Found and cleaned up 1 empty switch in `\data_memory.$proc$rtl/data_memory.v:25$96'.
Removing empty process `data_memory.$proc$rtl/data_memory.v:25$96'.
Found and cleaned up 1 empty switch in `\control_unit.$proc$rtl/control_unit.v:15$90'.
Removing empty process `control_unit.$proc$rtl/control_unit.v:15$90'.
Found and cleaned up 4 empty switches in `\alu_control.$proc$rtl/alu_control.v:11$88'.
Removing empty process `alu_control.$proc$rtl/alu_control.v:11$88'.
Found and cleaned up 1 empty switch in `\alu.$proc$rtl/alu.v:12$79'.
Removing empty process `alu.$proc$rtl/alu.v:12$79'.
Found and cleaned up 1 empty switch in `\immediate_generator.$proc$rtl/immediate_generator.v:12$78'.
Removing empty process `immediate_generator.$proc$rtl/immediate_generator.v:12$78'.
Found and cleaned up 1 empty switch in `\register_file.$proc$rtl/register_file.v:0$75'.
Removing empty process `register_file.$proc$rtl/register_file.v:0$75'.
Found and cleaned up 1 empty switch in `\register_file.$proc$rtl/register_file.v:0$72'.
Removing empty process `register_file.$proc$rtl/register_file.v:0$72'.
Found and cleaned up 2 empty switches in `\register_file.$proc$rtl/register_file.v:24$59'.
Removing empty process `register_file.$proc$rtl/register_file.v:24$59'.
Removing empty process `instruction_memory.$proc$rtl/instruction_memory.v:0$37'.
Removing empty process `program_counter.$proc$rtl/program_counter.v:12$1'.
Cleaned up 18 empty switches.

15.12. Executing OPT_EXPR pass (perform const folding).
Optimizing module top.
Optimizing module riscv_cpu.
Optimizing module branch_unit.
<suppressed ~2 debug messages>
Optimizing module data_memory.
Optimizing module control_unit.
Optimizing module alu_control.
<suppressed ~2 debug messages>
Optimizing module alu.
<suppressed ~2 debug messages>
Optimizing module immediate_generator.
Optimizing module register_file.
<suppressed ~6 debug messages>
Optimizing module instruction_decoder.
Optimizing module instruction_memory.
Optimizing module program_counter.

16. Executing OPT pass (performing simple optimizations).

16.1. Executing OPT_EXPR pass (perform const folding).
Optimizing module top.
Optimizing module riscv_cpu.
Optimizing module branch_unit.
Optimizing module data_memory.
Optimizing module control_unit.
Optimizing module alu_control.
Optimizing module alu.
Optimizing module immediate_generator.
Optimizing module register_file.
Optimizing module instruction_decoder.
Optimizing module instruction_memory.
Optimizing module program_counter.

16.2. Executing OPT_MERGE pass (detect identical cells).
Finding identical cells in module `\top'.
Finding identical cells in module `\riscv_cpu'.
<suppressed ~9 debug messages>
Finding identical cells in module `\branch_unit'.
<suppressed ~6 debug messages>
Finding identical cells in module `\data_memory'.
Finding identical cells in module `\control_unit'.
<suppressed ~24 debug messages>
Finding identical cells in module `\alu_control'.
<suppressed ~18 debug messages>
Finding identical cells in module `\alu'.
Finding identical cells in module `\immediate_generator'.
Finding identical cells in module `\register_file'.
<suppressed ~6 debug messages>
Finding identical cells in module `\instruction_decoder'.
Finding identical cells in module `\instruction_memory'.
Finding identical cells in module `\program_counter'.
Removed a total of 21 cells.

16.3. Executing OPT_MUXTREE pass (detect dead branches in mux trees).
Running muxtree optimizer on module \top..
  Creating internal representation of mux trees.
  No muxes found in this module.
Running muxtree optimizer on module \riscv_cpu..
  Creating internal representation of mux trees.
  Evaluating internal representation of mux trees.
  Analyzing evaluation results.
    dead port 1/2 on $mux $procmux$401.
Running muxtree optimizer on module \branch_unit..
  Creating internal representation of mux trees.
  Evaluating internal representation of mux trees.
  Analyzing evaluation results.
    dead port 2/2 on $mux $procmux$423.
    dead port 2/2 on $mux $procmux$421.
    dead port 2/2 on $mux $procmux$413.
    dead port 2/2 on $mux $procmux$411.
    dead port 2/2 on $mux $procmux$430.
Running muxtree optimizer on module \data_memory..
  Creating internal representation of mux trees.
  Evaluating internal representation of mux trees.
  Analyzing evaluation results.
Running muxtree optimizer on module \control_unit..
  Creating internal representation of mux trees.
  Evaluating internal representation of mux trees.
  Analyzing evaluation results.
Running muxtree optimizer on module \alu_control..
  Creating internal representation of mux trees.
  Evaluating internal representation of mux trees.
  Analyzing evaluation results.
    dead port 2/2 on $mux $procmux$518.
    dead port 2/2 on $mux $procmux$516.
    dead port 2/2 on $mux $procmux$501.
    dead port 2/2 on $mux $procmux$532.
Running muxtree optimizer on module \alu..
  Creating internal representation of mux trees.
  Evaluating internal representation of mux trees.
  Analyzing evaluation results.
Running muxtree optimizer on module \immediate_generator..
  Creating internal representation of mux trees.
  Evaluating internal representation of mux trees.
  Analyzing evaluation results.
Running muxtree optimizer on module \register_file..
  Creating internal representation of mux trees.
  Evaluating internal representation of mux trees.
  Analyzing evaluation results.
    dead port 1/2 on $mux $procmux$625.
    dead port 2/2 on $mux $procmux$625.
    dead port 1/2 on $mux $procmux$622.
    dead port 2/2 on $mux $procmux$622.
    dead port 32/33 on $pmux $procmux$588.
    dead port 32/33 on $pmux $procmux$555.
Running muxtree optimizer on module \instruction_decoder..
  Creating internal representation of mux trees.
  No muxes found in this module.
Running muxtree optimizer on module \instruction_memory..
  Creating internal representation of mux trees.
  No muxes found in this module.
Running muxtree optimizer on module \program_counter..
  Creating internal representation of mux trees.
  No muxes found in this module.
Removed 16 multiplexer ports.
<suppressed ~52 debug messages>

16.4. Executing OPT_REDUCE pass (consolidate $*mux and $reduce_* inputs).
  Optimizing cells in module \top.
  Optimizing cells in module \riscv_cpu.
  Optimizing cells in module \branch_unit.
  Optimizing cells in module \data_memory.
    Consolidated identical input bits for $mux cell $procmux$436:
      Old ports: A=0, B=32'11111111111111111111111111111111, Y=$procmux$436_Y
      New ports: A=1'0, B=1'1, Y=$procmux$436_Y [0]
      New connections: $procmux$436_Y [31:1] = { $procmux$436_Y [0] $procmux$436_Y [0] $procmux$436_Y [0] $procmux$436_Y [0] $procmux$436_Y [0] $procmux$436_Y [0] $procmux$436_Y [0] $procmux$436_Y [0] $procmux$436_Y [0] $procmux$436_Y [0] $procmux$436_Y [0] $procmux$436_Y [0] $procmux$436_Y [0] $procmux$436_Y [0] $procmux$436_Y [0] $procmux$436_Y [0] $procmux$436_Y [0] $procmux$436_Y [0] $procmux$436_Y [0] $procmux$436_Y [0] $procmux$436_Y [0] $procmux$436_Y [0] $procmux$436_Y [0] $procmux$436_Y [0] $procmux$436_Y [0] $procmux$436_Y [0] $procmux$436_Y [0] $procmux$436_Y [0] $procmux$436_Y [0] $procmux$436_Y [0] $procmux$436_Y [0] }
  Optimizing cells in module \data_memory.
  Optimizing cells in module \control_unit.
    New ctrl vector for $pmux cell $procmux$460: $auto$opt_reduce.cc:134:opt_pmux$1324
    New ctrl vector for $pmux cell $procmux$453: $auto$opt_reduce.cc:134:opt_pmux$1326
  Optimizing cells in module \control_unit.
  Optimizing cells in module \alu_control.
  Optimizing cells in module \alu.
  Optimizing cells in module \immediate_generator.
    New ctrl vector for $pmux cell $procmux$548: { $auto$opt_reduce.cc:134:opt_pmux$1328 $procmux$552_CMP $procmux$551_CMP $procmux$550_CMP $procmux$549_CTRL }
  Optimizing cells in module \immediate_generator.
  Optimizing cells in module \register_file.
  Optimizing cells in module \instruction_decoder.
  Optimizing cells in module \instruction_memory.
  Optimizing cells in module \program_counter.
Performed a total of 4 changes.

16.5. Executing OPT_MERGE pass (detect identical cells).
Finding identical cells in module `\top'.
Finding identical cells in module `\riscv_cpu'.
Finding identical cells in module `\branch_unit'.
Finding identical cells in module `\data_memory'.
Finding identical cells in module `\control_unit'.
<suppressed ~3 debug messages>
Finding identical cells in module `\alu_control'.
Finding identical cells in module `\alu'.
Finding identical cells in module `\immediate_generator'.
Finding identical cells in module `\register_file'.
Finding identical cells in module `\instruction_decoder'.
Finding identical cells in module `\instruction_memory'.
Finding identical cells in module `\program_counter'.
Removed a total of 1 cells.

16.6. Executing OPT_DFF pass (perform DFF optimizations).
Adding EN signal on $procdff$1317 ($adff) from module register_file (D = \write_data, Q = \registers[30]).
Adding EN signal on $procdff$1318 ($adff) from module register_file (D = \write_data, Q = \registers[31]).
Handling D = Q on $procdff$1286 ($adff) from module register_file (removing D path).
Adding EN signal on $procdff$1287 ($adff) from module register_file (D = \write_data, Q = \registers[0]).
Adding EN signal on $procdff$1288 ($adff) from module register_file (D = \write_data, Q = \registers[1]).
Adding EN signal on $procdff$1289 ($adff) from module register_file (D = \write_data, Q = \registers[2]).
Adding EN signal on $procdff$1290 ($adff) from module register_file (D = \write_data, Q = \registers[3]).
Adding EN signal on $procdff$1291 ($adff) from module register_file (D = \write_data, Q = \registers[4]).
Adding EN signal on $procdff$1292 ($adff) from module register_file (D = \write_data, Q = \registers[5]).
Adding EN signal on $procdff$1293 ($adff) from module register_file (D = \write_data, Q = \registers[6]).
Adding EN signal on $procdff$1294 ($adff) from module register_file (D = \write_data, Q = \registers[7]).
Adding EN signal on $procdff$1295 ($adff) from module register_file (D = \write_data, Q = \registers[8]).
Adding EN signal on $procdff$1296 ($adff) from module register_file (D = \write_data, Q = \registers[9]).
Adding EN signal on $procdff$1297 ($adff) from module register_file (D = \write_data, Q = \registers[10]).
Adding EN signal on $procdff$1298 ($adff) from module register_file (D = \write_data, Q = \registers[11]).
Adding EN signal on $procdff$1299 ($adff) from module register_file (D = \write_data, Q = \registers[12]).
Adding EN signal on $procdff$1300 ($adff) from module register_file (D = \write_data, Q = \registers[13]).
Adding EN signal on $procdff$1301 ($adff) from module register_file (D = \write_data, Q = \registers[14]).
Adding EN signal on $procdff$1302 ($adff) from module register_file (D = \write_data, Q = \registers[15]).
Adding EN signal on $procdff$1303 ($adff) from module register_file (D = \write_data, Q = \registers[16]).
Adding EN signal on $procdff$1304 ($adff) from module register_file (D = \write_data, Q = \registers[17]).
Adding EN signal on $procdff$1305 ($adff) from module register_file (D = \write_data, Q = \registers[18]).
Adding EN signal on $procdff$1306 ($adff) from module register_file (D = \write_data, Q = \registers[19]).
Adding EN signal on $procdff$1307 ($adff) from module register_file (D = \write_data, Q = \registers[20]).
Adding EN signal on $procdff$1308 ($adff) from module register_file (D = \write_data, Q = \registers[21]).
Adding EN signal on $procdff$1309 ($adff) from module register_file (D = \write_data, Q = \registers[22]).
Adding EN signal on $procdff$1310 ($adff) from module register_file (D = \write_data, Q = \registers[23]).
Adding EN signal on $procdff$1311 ($adff) from module register_file (D = \write_data, Q = \registers[24]).
Adding EN signal on $procdff$1312 ($adff) from module register_file (D = \write_data, Q = \registers[25]).
Adding EN signal on $procdff$1313 ($adff) from module register_file (D = \write_data, Q = \registers[26]).
Adding EN signal on $procdff$1314 ($adff) from module register_file (D = \write_data, Q = \registers[27]).
Adding EN signal on $procdff$1315 ($adff) from module register_file (D = \write_data, Q = \registers[28]).
Adding EN signal on $procdff$1316 ($adff) from module register_file (D = \write_data, Q = \registers[29]).
Setting constant 0-bit at position 0 on $procdff$1286 ($dlatch) from module register_file.
Setting constant 0-bit at position 1 on $procdff$1286 ($dlatch) from module register_file.
Setting constant 0-bit at position 2 on $procdff$1286 ($dlatch) from module register_file.
Setting constant 0-bit at position 3 on $procdff$1286 ($dlatch) from module register_file.
Setting constant 0-bit at position 4 on $procdff$1286 ($dlatch) from module register_file.
Setting constant 1-bit at position 5 on $procdff$1286 ($dlatch) from module register_file.
Setting constant 0-bit at position 6 on $procdff$1286 ($dlatch) from module register_file.
Setting constant 0-bit at position 7 on $procdff$1286 ($dlatch) from module register_file.
Setting constant 0-bit at position 8 on $procdff$1286 ($dlatch) from module register_file.
Setting constant 0-bit at position 9 on $procdff$1286 ($dlatch) from module register_file.
Setting constant 0-bit at position 10 on $procdff$1286 ($dlatch) from module register_file.
Setting constant 0-bit at position 11 on $procdff$1286 ($dlatch) from module register_file.
Setting constant 0-bit at position 12 on $procdff$1286 ($dlatch) from module register_file.
Setting constant 0-bit at position 13 on $procdff$1286 ($dlatch) from module register_file.
Setting constant 0-bit at position 14 on $procdff$1286 ($dlatch) from module register_file.
Setting constant 0-bit at position 15 on $procdff$1286 ($dlatch) from module register_file.
Setting constant 0-bit at position 16 on $procdff$1286 ($dlatch) from module register_file.
Setting constant 0-bit at position 17 on $procdff$1286 ($dlatch) from module register_file.
Setting constant 0-bit at position 18 on $procdff$1286 ($dlatch) from module register_file.
Setting constant 0-bit at position 19 on $procdff$1286 ($dlatch) from module register_file.
Setting constant 0-bit at position 20 on $procdff$1286 ($dlatch) from module register_file.
Setting constant 0-bit at position 21 on $procdff$1286 ($dlatch) from module register_file.
Setting constant 0-bit at position 22 on $procdff$1286 ($dlatch) from module register_file.
Setting constant 0-bit at position 23 on $procdff$1286 ($dlatch) from module register_file.
Setting constant 0-bit at position 24 on $procdff$1286 ($dlatch) from module register_file.
Setting constant 0-bit at position 25 on $procdff$1286 ($dlatch) from module register_file.
Setting constant 0-bit at position 26 on $procdff$1286 ($dlatch) from module register_file.
Setting constant 0-bit at position 27 on $procdff$1286 ($dlatch) from module register_file.
Setting constant 0-bit at position 28 on $procdff$1286 ($dlatch) from module register_file.
Setting constant 0-bit at position 29 on $procdff$1286 ($dlatch) from module register_file.
Setting constant 0-bit at position 30 on $procdff$1286 ($dlatch) from module register_file.
Setting constant 0-bit at position 31 on $procdff$1286 ($dlatch) from module register_file.
Setting constant 1-bit at position 0 on $procdff$1320 ($adff) from module register_file.
Setting constant 1-bit at position 1 on $procdff$1320 ($adff) from module register_file.
Setting constant 1-bit at position 2 on $procdff$1320 ($adff) from module register_file.
Setting constant 1-bit at position 3 on $procdff$1320 ($adff) from module register_file.
Setting constant 1-bit at position 4 on $procdff$1320 ($adff) from module register_file.
Setting constant 1-bit at position 5 on $procdff$1320 ($adff) from module register_file.
Setting constant 1-bit at position 6 on $procdff$1320 ($adff) from module register_file.
Setting constant 1-bit at position 7 on $procdff$1320 ($adff) from module register_file.
Setting constant 1-bit at position 8 on $procdff$1320 ($adff) from module register_file.
Setting constant 1-bit at position 9 on $procdff$1320 ($adff) from module register_file.
Setting constant 1-bit at position 10 on $procdff$1320 ($adff) from module register_file.
Setting constant 1-bit at position 11 on $procdff$1320 ($adff) from module register_file.
Setting constant 1-bit at position 12 on $procdff$1320 ($adff) from module register_file.
Setting constant 1-bit at position 13 on $procdff$1320 ($adff) from module register_file.
Setting constant 1-bit at position 14 on $procdff$1320 ($adff) from module register_file.
Setting constant 1-bit at position 15 on $procdff$1320 ($adff) from module register_file.
Setting constant 1-bit at position 16 on $procdff$1320 ($adff) from module register_file.
Setting constant 1-bit at position 17 on $procdff$1320 ($adff) from module register_file.
Setting constant 1-bit at position 18 on $procdff$1320 ($adff) from module register_file.
Setting constant 1-bit at position 19 on $procdff$1320 ($adff) from module register_file.
Setting constant 1-bit at position 20 on $procdff$1320 ($adff) from module register_file.
Setting constant 1-bit at position 21 on $procdff$1320 ($adff) from module register_file.
Setting constant 1-bit at position 22 on $procdff$1320 ($adff) from module register_file.
Setting constant 1-bit at position 23 on $procdff$1320 ($adff) from module register_file.
Setting constant 1-bit at position 24 on $procdff$1320 ($adff) from module register_file.
Setting constant 1-bit at position 25 on $procdff$1320 ($adff) from module register_file.
Setting constant 1-bit at position 26 on $procdff$1320 ($adff) from module register_file.
Setting constant 1-bit at position 27 on $procdff$1320 ($adff) from module register_file.
Setting constant 1-bit at position 28 on $procdff$1320 ($adff) from module register_file.
Setting constant 1-bit at position 29 on $procdff$1320 ($adff) from module register_file.
Setting constant 1-bit at position 30 on $procdff$1320 ($adff) from module register_file.
Setting constant 1-bit at position 31 on $procdff$1320 ($adff) from module register_file.
Setting constant 1-bit at position 0 on $procdff$1319 ($adff) from module register_file.
Setting constant 1-bit at position 1 on $procdff$1319 ($adff) from module register_file.
Setting constant 1-bit at position 2 on $procdff$1319 ($adff) from module register_file.
Setting constant 1-bit at position 3 on $procdff$1319 ($adff) from module register_file.
Setting constant 1-bit at position 4 on $procdff$1319 ($adff) from module register_file.

16.7. Executing OPT_CLEAN pass (remove unused cells and wires).
Finding unused cells or wires in module \top..
Finding unused cells or wires in module \riscv_cpu..
Finding unused cells or wires in module \branch_unit..
Finding unused cells or wires in module \data_memory..
Finding unused cells or wires in module \control_unit..
Finding unused cells or wires in module \alu_control..
Finding unused cells or wires in module \alu..
Finding unused cells or wires in module \immediate_generator..
Finding unused cells or wires in module \register_file..
Finding unused cells or wires in module \instruction_decoder..
Finding unused cells or wires in module \instruction_memory..
Finding unused cells or wires in module \program_counter..
Removed 70 unused cells and 301 unused wires.
<suppressed ~81 debug messages>

16.8. Executing OPT_EXPR pass (perform const folding).
Optimizing module alu.
Optimizing module alu_control.
Optimizing module branch_unit.
Optimizing module control_unit.
Optimizing module data_memory.
Optimizing module immediate_generator.
Optimizing module instruction_decoder.
Optimizing module instruction_memory.
Optimizing module program_counter.
Optimizing module register_file.
Optimizing module riscv_cpu.
Optimizing module top.

16.9. Rerunning OPT passes. (Maybe there is more to do..)

16.10. Executing OPT_MUXTREE pass (detect dead branches in mux trees).
Running muxtree optimizer on module \alu..
  Creating internal representation of mux trees.
  Evaluating internal representation of mux trees.
  Analyzing evaluation results.
Running muxtree optimizer on module \alu_control..
  Creating internal representation of mux trees.
  Evaluating internal representation of mux trees.
  Analyzing evaluation results.
Running muxtree optimizer on module \branch_unit..
  Creating internal representation of mux trees.
  Evaluating internal representation of mux trees.
  Analyzing evaluation results.
Running muxtree optimizer on module \control_unit..
  Creating internal representation of mux trees.
  Evaluating internal representation of mux trees.
  Analyzing evaluation results.
Running muxtree optimizer on module \data_memory..
  Creating internal representation of mux trees.
  Evaluating internal representation of mux trees.
  Analyzing evaluation results.
Running muxtree optimizer on module \immediate_generator..
  Creating internal representation of mux trees.
  Evaluating internal representation of mux trees.
  Analyzing evaluation results.
Running muxtree optimizer on module \instruction_decoder..
  Creating internal representation of mux trees.
  No muxes found in this module.
Running muxtree optimizer on module \instruction_memory..
  Creating internal representation of mux trees.
  No muxes found in this module.
Running muxtree optimizer on module \program_counter..
  Creating internal representation of mux trees.
  No muxes found in this module.
Running muxtree optimizer on module \register_file..
  Creating internal representation of mux trees.
  Evaluating internal representation of mux trees.
  Analyzing evaluation results.
Running muxtree optimizer on module \riscv_cpu..
  Creating internal representation of mux trees.
  Evaluating internal representation of mux trees.
  Analyzing evaluation results.
Running muxtree optimizer on module \top..
  Creating internal representation of mux trees.
  No muxes found in this module.
Removed 0 multiplexer ports.
<suppressed ~19 debug messages>

16.11. Executing OPT_REDUCE pass (consolidate $*mux and $reduce_* inputs).
  Optimizing cells in module \alu.
  Optimizing cells in module \alu_control.
  Optimizing cells in module \branch_unit.
  Optimizing cells in module \control_unit.
  Optimizing cells in module \data_memory.
  Optimizing cells in module \immediate_generator.
  Optimizing cells in module \instruction_decoder.
  Optimizing cells in module \instruction_memory.
  Optimizing cells in module \program_counter.
  Optimizing cells in module \register_file.
  Optimizing cells in module \riscv_cpu.
  Optimizing cells in module \top.
Performed a total of 0 changes.

16.12. Executing OPT_MERGE pass (detect identical cells).
Finding identical cells in module `\alu'.
Finding identical cells in module `\alu_control'.
Finding identical cells in module `\branch_unit'.
Finding identical cells in module `\control_unit'.
Finding identical cells in module `\data_memory'.
Finding identical cells in module `\immediate_generator'.
Finding identical cells in module `\instruction_decoder'.
Finding identical cells in module `\instruction_memory'.
Finding identical cells in module `\program_counter'.
Finding identical cells in module `\register_file'.
Finding identical cells in module `\riscv_cpu'.
Finding identical cells in module `\top'.
Removed a total of 0 cells.

16.13. Executing OPT_DFF pass (perform DFF optimizations).

16.14. Executing OPT_CLEAN pass (remove unused cells and wires).
Finding unused cells or wires in module \alu..
Finding unused cells or wires in module \alu_control..
Finding unused cells or wires in module \branch_unit..
Finding unused cells or wires in module \control_unit..
Finding unused cells or wires in module \data_memory..
Finding unused cells or wires in module \immediate_generator..
Finding unused cells or wires in module \instruction_decoder..
Finding unused cells or wires in module \instruction_memory..
Finding unused cells or wires in module \program_counter..
Finding unused cells or wires in module \register_file..
Finding unused cells or wires in module \riscv_cpu..
Finding unused cells or wires in module \top..

16.15. Executing OPT_EXPR pass (perform const folding).
Optimizing module alu.
Optimizing module alu_control.
Optimizing module branch_unit.
Optimizing module control_unit.
Optimizing module data_memory.
Optimizing module immediate_generator.
Optimizing module instruction_decoder.
Optimizing module instruction_memory.
Optimizing module program_counter.
Optimizing module register_file.
Optimizing module riscv_cpu.
Optimizing module top.

16.16. Finished OPT passes. (There is nothing left to do.)

17. Executing FSM pass (extract and optimize FSM).

17.1. Executing FSM_DETECT pass (finding FSMs in design).

17.2. Executing FSM_EXTRACT pass (extracting FSM from design).

17.3. Executing FSM_OPT pass (simple optimizations of FSMs).

17.4. Executing OPT_CLEAN pass (remove unused cells and wires).
Finding unused cells or wires in module \alu..
Finding unused cells or wires in module \alu_control..
Finding unused cells or wires in module \branch_unit..
Finding unused cells or wires in module \control_unit..
Finding unused cells or wires in module \data_memory..
Finding unused cells or wires in module \immediate_generator..
Finding unused cells or wires in module \instruction_decoder..
Finding unused cells or wires in module \instruction_memory..
Finding unused cells or wires in module \program_counter..
Finding unused cells or wires in module \register_file..
Finding unused cells or wires in module \riscv_cpu..
Finding unused cells or wires in module \top..

17.5. Executing FSM_OPT pass (simple optimizations of FSMs).

17.6. Executing FSM_RECODE pass (re-assigning FSM state encoding).

17.7. Executing FSM_INFO pass (dumping all available information on FSM cells).

17.8. Executing FSM_MAP pass (mapping FSMs to basic logic).

18. Executing OPT pass (performing simple optimizations).

18.1. Executing OPT_EXPR pass (perform const folding).
Optimizing module alu.
Optimizing module alu_control.
Optimizing module branch_unit.
Optimizing module control_unit.
Optimizing module data_memory.
Optimizing module immediate_generator.
Optimizing module instruction_decoder.
Optimizing module instruction_memory.
Optimizing module program_counter.
Optimizing module register_file.
Optimizing module riscv_cpu.
Optimizing module top.

18.2. Executing OPT_MERGE pass (detect identical cells).
Finding identical cells in module `\alu'.
Finding identical cells in module `\alu_control'.
Finding identical cells in module `\branch_unit'.
Finding identical cells in module `\control_unit'.
Finding identical cells in module `\data_memory'.
Finding identical cells in module `\immediate_generator'.
Finding identical cells in module `\instruction_decoder'.
Finding identical cells in module `\instruction_memory'.
Finding identical cells in module `\program_counter'.
Finding identical cells in module `\register_file'.
Finding identical cells in module `\riscv_cpu'.
Finding identical cells in module `\top'.
Removed a total of 0 cells.

18.3. Executing OPT_MUXTREE pass (detect dead branches in mux trees).
Running muxtree optimizer on module \alu..
  Creating internal representation of mux trees.
  Evaluating internal representation of mux trees.
  Analyzing evaluation results.
Running muxtree optimizer on module \alu_control..
  Creating internal representation of mux trees.
  Evaluating internal representation of mux trees.
  Analyzing evaluation results.
Running muxtree optimizer on module \branch_unit..
  Creating internal representation of mux trees.
  Evaluating internal representation of mux trees.
  Analyzing evaluation results.
Running muxtree optimizer on module \control_unit..
  Creating internal representation of mux trees.
  Evaluating internal representation of mux trees.
  Analyzing evaluation results.
Running muxtree optimizer on module \data_memory..
  Creating internal representation of mux trees.
  Evaluating internal representation of mux trees.
  Analyzing evaluation results.
Running muxtree optimizer on module \immediate_generator..
  Creating internal representation of mux trees.
  Evaluating internal representation of mux trees.
  Analyzing evaluation results.
Running muxtree optimizer on module \instruction_decoder..
  Creating internal representation of mux trees.
  No muxes found in this module.
Running muxtree optimizer on module \instruction_memory..
  Creating internal representation of mux trees.
  No muxes found in this module.
Running muxtree optimizer on module \program_counter..
  Creating internal representation of mux trees.
  No muxes found in this module.
Running muxtree optimizer on module \register_file..
  Creating internal representation of mux trees.
  Evaluating internal representation of mux trees.
  Analyzing evaluation results.
Running muxtree optimizer on module \riscv_cpu..
  Creating internal representation of mux trees.
  Evaluating internal representation of mux trees.
  Analyzing evaluation results.
Running muxtree optimizer on module \top..
  Creating internal representation of mux trees.
  No muxes found in this module.
Removed 0 multiplexer ports.
<suppressed ~19 debug messages>

18.4. Executing OPT_REDUCE pass (consolidate $*mux and $reduce_* inputs).
  Optimizing cells in module \alu.
  Optimizing cells in module \alu_control.
  Optimizing cells in module \branch_unit.
  Optimizing cells in module \control_unit.
  Optimizing cells in module \data_memory.
  Optimizing cells in module \immediate_generator.
  Optimizing cells in module \instruction_decoder.
  Optimizing cells in module \instruction_memory.
  Optimizing cells in module \program_counter.
  Optimizing cells in module \register_file.
  Optimizing cells in module \riscv_cpu.
  Optimizing cells in module \top.
Performed a total of 0 changes.

18.5. Executing OPT_MERGE pass (detect identical cells).
Finding identical cells in module `\alu'.
Finding identical cells in module `\alu_control'.
Finding identical cells in module `\branch_unit'.
Finding identical cells in module `\control_unit'.
Finding identical cells in module `\data_memory'.
Finding identical cells in module `\immediate_generator'.
Finding identical cells in module `\instruction_decoder'.
Finding identical cells in module `\instruction_memory'.
Finding identical cells in module `\program_counter'.
Finding identical cells in module `\register_file'.
Finding identical cells in module `\riscv_cpu'.
Finding identical cells in module `\top'.
Removed a total of 0 cells.

18.6. Executing OPT_DFF pass (perform DFF optimizations).

18.7. Executing OPT_CLEAN pass (remove unused cells and wires).
Finding unused cells or wires in module \alu..
Finding unused cells or wires in module \alu_control..
Finding unused cells or wires in module \branch_unit..
Finding unused cells or wires in module \control_unit..
Finding unused cells or wires in module \data_memory..
Finding unused cells or wires in module \immediate_generator..
Finding unused cells or wires in module \instruction_decoder..
Finding unused cells or wires in module \instruction_memory..
Finding unused cells or wires in module \program_counter..
Finding unused cells or wires in module \register_file..
Finding unused cells or wires in module \riscv_cpu..
Finding unused cells or wires in module \top..

18.8. Executing OPT_EXPR pass (perform const folding).
Optimizing module alu.
Optimizing module alu_control.
Optimizing module branch_unit.
Optimizing module control_unit.
Optimizing module data_memory.
Optimizing module immediate_generator.
Optimizing module instruction_decoder.
Optimizing module instruction_memory.
Optimizing module program_counter.
Optimizing module register_file.
Optimizing module riscv_cpu.
Optimizing module top.

18.9. Finished OPT passes. (There is nothing left to do.)

19. Executing MEMORY pass.

19.1. Executing OPT_MEM pass (optimize memories).
instruction_memory.memory: removing const-1 lane 0
instruction_memory.memory: removing const-1 lane 1
instruction_memory.memory: removing const-0 lane 11
instruction_memory.memory: removing const-0 lane 13
instruction_memory.memory: removing const-0 lane 14
instruction_memory.memory: removing const-0 lane 16
instruction_memory.memory: removing const-0 lane 18
instruction_memory.memory: removing const-0 lane 19
instruction_memory.memory: removing const-0 lane 27
instruction_memory.memory: removing const-0 lane 28
instruction_memory.memory: removing const-0 lane 29
instruction_memory.memory: removing const-0 lane 30
instruction_memory.memory: removing const-0 lane 31
Performed a total of 1 transformations.

19.2. Executing OPT_MEM_PRIORITY pass (removing unnecessary memory write priority relations).
Performed a total of 0 transformations.

19.3. Executing OPT_MEM_FEEDBACK pass (finding memory read-to-write feedback paths).
  Analyzing data_memory.memory write port 0.

19.4. Executing MEMORY_BMUX2ROM pass (converting muxes to ROMs).

19.5. Executing MEMORY_DFF pass (merging $dff cells to $memrd).
Checking read port `\memory'[0] in module `\data_memory': no output FF found.
Checking read port address `\memory'[0] in module `\data_memory': no address FF found.
Checking read port `\memory'[0] in module `\instruction_memory': no output FF found.
Checking read port address `\memory'[0] in module `\instruction_memory': no address FF found.

19.6. Executing OPT_CLEAN pass (remove unused cells and wires).
Finding unused cells or wires in module \alu..
Finding unused cells or wires in module \alu_control..
Finding unused cells or wires in module \branch_unit..
Finding unused cells or wires in module \control_unit..
Finding unused cells or wires in module \data_memory..
Finding unused cells or wires in module \immediate_generator..
Finding unused cells or wires in module \instruction_decoder..
Finding unused cells or wires in module \instruction_memory..
Finding unused cells or wires in module \program_counter..
Finding unused cells or wires in module \register_file..
Finding unused cells or wires in module \riscv_cpu..
Finding unused cells or wires in module \top..

19.7. Executing MEMORY_SHARE pass (consolidating $memrd/$memwr cells).

19.8. Executing OPT_MEM_WIDEN pass (optimize memories where all ports are wide).
Performed a total of 0 transformations.

19.9. Executing OPT_CLEAN pass (remove unused cells and wires).
Finding unused cells or wires in module \alu..
Finding unused cells or wires in module \alu_control..
Finding unused cells or wires in module \branch_unit..
Finding unused cells or wires in module \control_unit..
Finding unused cells or wires in module \data_memory..
Finding unused cells or wires in module \immediate_generator..
Finding unused cells or wires in module \instruction_decoder..
Finding unused cells or wires in module \instruction_memory..
Finding unused cells or wires in module \program_counter..
Finding unused cells or wires in module \register_file..
Finding unused cells or wires in module \riscv_cpu..
Finding unused cells or wires in module \top..

19.10. Executing MEMORY_COLLECT pass (generating $mem cells).

19.11. Executing MEMORY_MAP pass (converting memories to logic and flip-flops).
Mapping memory \memory in module \data_memory:
  created 256 $dff cells and 0 static cells of width 32.
  read interface: 0 $dff and 255 $mux cells.
  write interface: 256 write mux blocks.
Mapping memory \memory in module \instruction_memory:
  created 256 $dff cells and 0 static cells of width 19.
  read interface: 0 $dff and 255 $mux cells.
  write interface: 0 write mux blocks.

20. Executing OPT pass (performing simple optimizations).

20.1. Executing OPT_EXPR pass (perform const folding).
Optimizing module alu.
Optimizing module alu_control.
Optimizing module branch_unit.
Optimizing module control_unit.
Optimizing module data_memory.
<suppressed ~16 debug messages>
Optimizing module immediate_generator.
Optimizing module instruction_decoder.
Optimizing module instruction_memory.
<suppressed ~232 debug messages>
Optimizing module program_counter.
Optimizing module register_file.
Optimizing module riscv_cpu.
Optimizing module top.

20.2. Executing OPT_MERGE pass (detect identical cells).
Finding identical cells in module `\alu'.
Finding identical cells in module `\alu_control'.
Finding identical cells in module `\branch_unit'.
Finding identical cells in module `\control_unit'.
Finding identical cells in module `\data_memory'.
Finding identical cells in module `\immediate_generator'.
Finding identical cells in module `\instruction_decoder'.
Finding identical cells in module `\instruction_memory'.
Finding identical cells in module `\program_counter'.
Finding identical cells in module `\register_file'.
Finding identical cells in module `\riscv_cpu'.
Finding identical cells in module `\top'.
Removed a total of 0 cells.

20.3. Executing OPT_MUXTREE pass (detect dead branches in mux trees).
Running muxtree optimizer on module \alu..
  Creating internal representation of mux trees.
  Evaluating internal representation of mux trees.
  Analyzing evaluation results.
Running muxtree optimizer on module \alu_control..
  Creating internal representation of mux trees.
  Evaluating internal representation of mux trees.
  Analyzing evaluation results.
Running muxtree optimizer on module \branch_unit..
  Creating internal representation of mux trees.
  Evaluating internal representation of mux trees.
  Analyzing evaluation results.
Running muxtree optimizer on module \control_unit..
  Creating internal representation of mux trees.
  Evaluating internal representation of mux trees.
  Analyzing evaluation results.
Running muxtree optimizer on module \data_memory..
  Creating internal representation of mux trees.
  Evaluating internal representation of mux trees.
  Analyzing evaluation results.
Running muxtree optimizer on module \immediate_generator..
  Creating internal representation of mux trees.
  Evaluating internal representation of mux trees.
  Analyzing evaluation results.
Running muxtree optimizer on module \instruction_decoder..
  Creating internal representation of mux trees.
  No muxes found in this module.
Running muxtree optimizer on module \instruction_memory..
  Creating internal representation of mux trees.
  Evaluating internal representation of mux trees.
  Analyzing evaluation results.
Running muxtree optimizer on module \program_counter..
  Creating internal representation of mux trees.
  No muxes found in this module.
Running muxtree optimizer on module \register_file..
  Creating internal representation of mux trees.
  Evaluating internal representation of mux trees.
  Analyzing evaluation results.
Running muxtree optimizer on module \riscv_cpu..
  Creating internal representation of mux trees.
  Evaluating internal representation of mux trees.
  Analyzing evaluation results.
Running muxtree optimizer on module \top..
  Creating internal representation of mux trees.
  No muxes found in this module.
Removed 0 multiplexer ports.
<suppressed ~276 debug messages>

20.4. Executing OPT_REDUCE pass (consolidate $*mux and $reduce_* inputs).
  Optimizing cells in module \alu.
  Optimizing cells in module \alu_control.
  Optimizing cells in module \branch_unit.
  Optimizing cells in module \control_unit.
  Optimizing cells in module \data_memory.
  Optimizing cells in module \immediate_generator.
  Optimizing cells in module \instruction_decoder.
  Optimizing cells in module \instruction_memory.
  Optimizing cells in module \program_counter.
  Optimizing cells in module \register_file.
  Optimizing cells in module \riscv_cpu.
  Optimizing cells in module \top.
Performed a total of 0 changes.

20.5. Executing OPT_MERGE pass (detect identical cells).
Finding identical cells in module `\alu'.
Finding identical cells in module `\alu_control'.
Finding identical cells in module `\branch_unit'.
Finding identical cells in module `\control_unit'.
Finding identical cells in module `\data_memory'.
Finding identical cells in module `\immediate_generator'.
Finding identical cells in module `\instruction_decoder'.
Finding identical cells in module `\instruction_memory'.
Finding identical cells in module `\program_counter'.
Finding identical cells in module `\register_file'.
Finding identical cells in module `\riscv_cpu'.
Finding identical cells in module `\top'.
Removed a total of 0 cells.

20.6. Executing OPT_DFF pass (perform DFF optimizations).

20.7. Executing OPT_CLEAN pass (remove unused cells and wires).
Finding unused cells or wires in module \alu..
Finding unused cells or wires in module \alu_control..
Finding unused cells or wires in module \branch_unit..
Finding unused cells or wires in module \control_unit..
Finding unused cells or wires in module \data_memory..
Finding unused cells or wires in module \immediate_generator..
Finding unused cells or wires in module \instruction_decoder..
Finding unused cells or wires in module \instruction_memory..
Finding unused cells or wires in module \program_counter..
Finding unused cells or wires in module \register_file..
Finding unused cells or wires in module \riscv_cpu..
Finding unused cells or wires in module \top..
Removed 0 unused cells and 1008 unused wires.
<suppressed ~2 debug messages>

20.8. Executing OPT_EXPR pass (perform const folding).
Optimizing module alu.
Optimizing module alu_control.
Optimizing module branch_unit.
Optimizing module control_unit.
Optimizing module data_memory.
Optimizing module immediate_generator.
Optimizing module instruction_decoder.
Optimizing module instruction_memory.
Optimizing module program_counter.
Optimizing module register_file.
Optimizing module riscv_cpu.
Optimizing module top.

20.9. Rerunning OPT passes. (Maybe there is more to do..)

20.10. Executing OPT_MUXTREE pass (detect dead branches in mux trees).
Running muxtree optimizer on module \alu..
  Creating internal representation of mux trees.
  Evaluating internal representation of mux trees.
  Analyzing evaluation results.
Running muxtree optimizer on module \alu_control..
  Creating internal representation of mux trees.
  Evaluating internal representation of mux trees.
  Analyzing evaluation results.
Running muxtree optimizer on module \branch_unit..
  Creating internal representation of mux trees.
  Evaluating internal representation of mux trees.
  Analyzing evaluation results.
Running muxtree optimizer on module \control_unit..
  Creating internal representation of mux trees.
  Evaluating internal representation of mux trees.
  Analyzing evaluation results.
Running muxtree optimizer on module \data_memory..
  Creating internal representation of mux trees.
  Evaluating internal representation of mux trees.
  Analyzing evaluation results.
Running muxtree optimizer on module \immediate_generator..
  Creating internal representation of mux trees.
  Evaluating internal representation of mux trees.
  Analyzing evaluation results.
Running muxtree optimizer on module \instruction_decoder..
  Creating internal representation of mux trees.
  No muxes found in this module.
Running muxtree optimizer on module \instruction_memory..
  Creating internal representation of mux trees.
  Evaluating internal representation of mux trees.
  Analyzing evaluation results.
Running muxtree optimizer on module \program_counter..
  Creating internal representation of mux trees.
  No muxes found in this module.
Running muxtree optimizer on module \register_file..
  Creating internal representation of mux trees.
  Evaluating internal representation of mux trees.
  Analyzing evaluation results.
Running muxtree optimizer on module \riscv_cpu..
  Creating internal representation of mux trees.
  Evaluating internal representation of mux trees.
  Analyzing evaluation results.
Running muxtree optimizer on module \top..
  Creating internal representation of mux trees.
  No muxes found in this module.
Removed 0 multiplexer ports.
<suppressed ~276 debug messages>

20.11. Executing OPT_REDUCE pass (consolidate $*mux and $reduce_* inputs).
  Optimizing cells in module \alu.
  Optimizing cells in module \alu_control.
  Optimizing cells in module \branch_unit.
  Optimizing cells in module \control_unit.
  Optimizing cells in module \data_memory.
  Optimizing cells in module \immediate_generator.
  Optimizing cells in module \instruction_decoder.
  Optimizing cells in module \instruction_memory.
  Optimizing cells in module \program_counter.
  Optimizing cells in module \register_file.
  Optimizing cells in module \riscv_cpu.
  Optimizing cells in module \top.
Performed a total of 0 changes.

20.12. Executing OPT_MERGE pass (detect identical cells).
Finding identical cells in module `\alu'.
Finding identical cells in module `\alu_control'.
Finding identical cells in module `\branch_unit'.
Finding identical cells in module `\control_unit'.
Finding identical cells in module `\data_memory'.
Finding identical cells in module `\immediate_generator'.
Finding identical cells in module `\instruction_decoder'.
Finding identical cells in module `\instruction_memory'.
Finding identical cells in module `\program_counter'.
Finding identical cells in module `\register_file'.
Finding identical cells in module `\riscv_cpu'.
Finding identical cells in module `\top'.
Removed a total of 0 cells.

20.13. Executing OPT_DFF pass (perform DFF optimizations).
Adding EN signal on $memory\memory[9]$1447 ($dff) from module data_memory (D = $0$memwr$\memory$rtl/data_memory.v:27$95_DATA[31:0]$98, Q = \memory[9]).
Adding EN signal on $memory\memory[99]$1627 ($dff) from module data_memory (D = $0$memwr$\memory$rtl/data_memory.v:27$95_DATA[31:0]$98, Q = \memory[99]).
Adding EN signal on $memory\memory[98]$1625 ($dff) from module data_memory (D = $0$memwr$\memory$rtl/data_memory.v:27$95_DATA[31:0]$98, Q = \memory[98]).
Adding EN signal on $memory\memory[97]$1623 ($dff) from module data_memory (D = $0$memwr$\memory$rtl/data_memory.v:27$95_DATA[31:0]$98, Q = \memory[97]).
Adding EN signal on $memory\memory[96]$1621 ($dff) from module data_memory (D = $0$memwr$\memory$rtl/data_memory.v:27$95_DATA[31:0]$98, Q = \memory[96]).
Adding EN signal on $memory\memory[95]$1619 ($dff) from module data_memory (D = $0$memwr$\memory$rtl/data_memory.v:27$95_DATA[31:0]$98, Q = \memory[95]).
Adding EN signal on $memory\memory[94]$1617 ($dff) from module data_memory (D = $0$memwr$\memory$rtl/data_memory.v:27$95_DATA[31:0]$98, Q = \memory[94]).
Adding EN signal on $memory\memory[93]$1615 ($dff) from module data_memory (D = $0$memwr$\memory$rtl/data_memory.v:27$95_DATA[31:0]$98, Q = \memory[93]).
Adding EN signal on $memory\memory[92]$1613 ($dff) from module data_memory (D = $0$memwr$\memory$rtl/data_memory.v:27$95_DATA[31:0]$98, Q = \memory[92]).
Adding EN signal on $memory\memory[91]$1611 ($dff) from module data_memory (D = $0$memwr$\memory$rtl/data_memory.v:27$95_DATA[31:0]$98, Q = \memory[91]).
Adding EN signal on $memory\memory[90]$1609 ($dff) from module data_memory (D = $0$memwr$\memory$rtl/data_memory.v:27$95_DATA[31:0]$98, Q = \memory[90]).
Adding EN signal on $memory\memory[8]$1445 ($dff) from module data_memory (D = $0$memwr$\memory$rtl/data_memory.v:27$95_DATA[31:0]$98, Q = \memory[8]).
Adding EN signal on $memory\memory[89]$1607 ($dff) from module data_memory (D = $0$memwr$\memory$rtl/data_memory.v:27$95_DATA[31:0]$98, Q = \memory[89]).
Adding EN signal on $memory\memory[88]$1605 ($dff) from module data_memory (D = $0$memwr$\memory$rtl/data_memory.v:27$95_DATA[31:0]$98, Q = \memory[88]).
Adding EN signal on $memory\memory[87]$1603 ($dff) from module data_memory (D = $0$memwr$\memory$rtl/data_memory.v:27$95_DATA[31:0]$98, Q = \memory[87]).
Adding EN signal on $memory\memory[86]$1601 ($dff) from module data_memory (D = $0$memwr$\memory$rtl/data_memory.v:27$95_DATA[31:0]$98, Q = \memory[86]).
Adding EN signal on $memory\memory[85]$1599 ($dff) from module data_memory (D = $0$memwr$\memory$rtl/data_memory.v:27$95_DATA[31:0]$98, Q = \memory[85]).
Adding EN signal on $memory\memory[84]$1597 ($dff) from module data_memory (D = $0$memwr$\memory$rtl/data_memory.v:27$95_DATA[31:0]$98, Q = \memory[84]).
Adding EN signal on $memory\memory[83]$1595 ($dff) from module data_memory (D = $0$memwr$\memory$rtl/data_memory.v:27$95_DATA[31:0]$98, Q = \memory[83]).
Adding EN signal on $memory\memory[82]$1593 ($dff) from module data_memory (D = $0$memwr$\memory$rtl/data_memory.v:27$95_DATA[31:0]$98, Q = \memory[82]).
Adding EN signal on $memory\memory[81]$1591 ($dff) from module data_memory (D = $0$memwr$\memory$rtl/data_memory.v:27$95_DATA[31:0]$98, Q = \memory[81]).
Adding EN signal on $memory\memory[80]$1589 ($dff) from module data_memory (D = $0$memwr$\memory$rtl/data_memory.v:27$95_DATA[31:0]$98, Q = \memory[80]).
Adding EN signal on $memory\memory[7]$1443 ($dff) from module data_memory (D = $0$memwr$\memory$rtl/data_memory.v:27$95_DATA[31:0]$98, Q = \memory[7]).
Adding EN signal on $memory\memory[79]$1587 ($dff) from module data_memory (D = $0$memwr$\memory$rtl/data_memory.v:27$95_DATA[31:0]$98, Q = \memory[79]).
Adding EN signal on $memory\memory[78]$1585 ($dff) from module data_memory (D = $0$memwr$\memory$rtl/data_memory.v:27$95_DATA[31:0]$98, Q = \memory[78]).
Adding EN signal on $memory\memory[77]$1583 ($dff) from module data_memory (D = $0$memwr$\memory$rtl/data_memory.v:27$95_DATA[31:0]$98, Q = \memory[77]).
Adding EN signal on $memory\memory[76]$1581 ($dff) from module data_memory (D = $0$memwr$\memory$rtl/data_memory.v:27$95_DATA[31:0]$98, Q = \memory[76]).
Adding EN signal on $memory\memory[75]$1579 ($dff) from module data_memory (D = $0$memwr$\memory$rtl/data_memory.v:27$95_DATA[31:0]$98, Q = \memory[75]).
Adding EN signal on $memory\memory[74]$1577 ($dff) from module data_memory (D = $0$memwr$\memory$rtl/data_memory.v:27$95_DATA[31:0]$98, Q = \memory[74]).
Adding EN signal on $memory\memory[73]$1575 ($dff) from module data_memory (D = $0$memwr$\memory$rtl/data_memory.v:27$95_DATA[31:0]$98, Q = \memory[73]).
Adding EN signal on $memory\memory[72]$1573 ($dff) from module data_memory (D = $0$memwr$\memory$rtl/data_memory.v:27$95_DATA[31:0]$98, Q = \memory[72]).
Adding EN signal on $memory\memory[71]$1571 ($dff) from module data_memory (D = $0$memwr$\memory$rtl/data_memory.v:27$95_DATA[31:0]$98, Q = \memory[71]).
Adding EN signal on $memory\memory[70]$1569 ($dff) from module data_memory (D = $0$memwr$\memory$rtl/data_memory.v:27$95_DATA[31:0]$98, Q = \memory[70]).
Adding EN signal on $memory\memory[6]$1441 ($dff) from module data_memory (D = $0$memwr$\memory$rtl/data_memory.v:27$95_DATA[31:0]$98, Q = \memory[6]).
Adding EN signal on $memory\memory[69]$1567 ($dff) from module data_memory (D = $0$memwr$\memory$rtl/data_memory.v:27$95_DATA[31:0]$98, Q = \memory[69]).
Adding EN signal on $memory\memory[68]$1565 ($dff) from module data_memory (D = $0$memwr$\memory$rtl/data_memory.v:27$95_DATA[31:0]$98, Q = \memory[68]).
Adding EN signal on $memory\memory[67]$1563 ($dff) from module data_memory (D = $0$memwr$\memory$rtl/data_memory.v:27$95_DATA[31:0]$98, Q = \memory[67]).
Adding EN signal on $memory\memory[66]$1561 ($dff) from module data_memory (D = $0$memwr$\memory$rtl/data_memory.v:27$95_DATA[31:0]$98, Q = \memory[66]).
Adding EN signal on $memory\memory[65]$1559 ($dff) from module data_memory (D = $0$memwr$\memory$rtl/data_memory.v:27$95_DATA[31:0]$98, Q = \memory[65]).
Adding EN signal on $memory\memory[64]$1557 ($dff) from module data_memory (D = $0$memwr$\memory$rtl/data_memory.v:27$95_DATA[31:0]$98, Q = \memory[64]).
Adding EN signal on $memory\memory[63]$1555 ($dff) from module data_memory (D = $0$memwr$\memory$rtl/data_memory.v:27$95_DATA[31:0]$98, Q = \memory[63]).
Adding EN signal on $memory\memory[62]$1553 ($dff) from module data_memory (D = $0$memwr$\memory$rtl/data_memory.v:27$95_DATA[31:0]$98, Q = \memory[62]).
Adding EN signal on $memory\memory[61]$1551 ($dff) from module data_memory (D = $0$memwr$\memory$rtl/data_memory.v:27$95_DATA[31:0]$98, Q = \memory[61]).
Adding EN signal on $memory\memory[60]$1549 ($dff) from module data_memory (D = $0$memwr$\memory$rtl/data_memory.v:27$95_DATA[31:0]$98, Q = \memory[60]).
Adding EN signal on $memory\memory[5]$1439 ($dff) from module data_memory (D = $0$memwr$\memory$rtl/data_memory.v:27$95_DATA[31:0]$98, Q = \memory[5]).
Adding EN signal on $memory\memory[59]$1547 ($dff) from module data_memory (D = $0$memwr$\memory$rtl/data_memory.v:27$95_DATA[31:0]$98, Q = \memory[59]).
Adding EN signal on $memory\memory[58]$1545 ($dff) from module data_memory (D = $0$memwr$\memory$rtl/data_memory.v:27$95_DATA[31:0]$98, Q = \memory[58]).
Adding EN signal on $memory\memory[57]$1543 ($dff) from module data_memory (D = $0$memwr$\memory$rtl/data_memory.v:27$95_DATA[31:0]$98, Q = \memory[57]).
Adding EN signal on $memory\memory[56]$1541 ($dff) from module data_memory (D = $0$memwr$\memory$rtl/data_memory.v:27$95_DATA[31:0]$98, Q = \memory[56]).
Adding EN signal on $memory\memory[55]$1539 ($dff) from module data_memory (D = $0$memwr$\memory$rtl/data_memory.v:27$95_DATA[31:0]$98, Q = \memory[55]).
Adding EN signal on $memory\memory[54]$1537 ($dff) from module data_memory (D = $0$memwr$\memory$rtl/data_memory.v:27$95_DATA[31:0]$98, Q = \memory[54]).
Adding EN signal on $memory\memory[53]$1535 ($dff) from module data_memory (D = $0$memwr$\memory$rtl/data_memory.v:27$95_DATA[31:0]$98, Q = \memory[53]).
Adding EN signal on $memory\memory[52]$1533 ($dff) from module data_memory (D = $0$memwr$\memory$rtl/data_memory.v:27$95_DATA[31:0]$98, Q = \memory[52]).
Adding EN signal on $memory\memory[51]$1531 ($dff) from module data_memory (D = $0$memwr$\memory$rtl/data_memory.v:27$95_DATA[31:0]$98, Q = \memory[51]).
Adding EN signal on $memory\memory[50]$1529 ($dff) from module data_memory (D = $0$memwr$\memory$rtl/data_memory.v:27$95_DATA[31:0]$98, Q = \memory[50]).
Adding EN signal on $memory\memory[4]$1437 ($dff) from module data_memory (D = $0$memwr$\memory$rtl/data_memory.v:27$95_DATA[31:0]$98, Q = \memory[4]).
Adding EN signal on $memory\memory[49]$1527 ($dff) from module data_memory (D = $0$memwr$\memory$rtl/data_memory.v:27$95_DATA[31:0]$98, Q = \memory[49]).
Adding EN signal on $memory\memory[48]$1525 ($dff) from module data_memory (D = $0$memwr$\memory$rtl/data_memory.v:27$95_DATA[31:0]$98, Q = \memory[48]).
Adding EN signal on $memory\memory[47]$1523 ($dff) from module data_memory (D = $0$memwr$\memory$rtl/data_memory.v:27$95_DATA[31:0]$98, Q = \memory[47]).
Adding EN signal on $memory\memory[46]$1521 ($dff) from module data_memory (D = $0$memwr$\memory$rtl/data_memory.v:27$95_DATA[31:0]$98, Q = \memory[46]).
Adding EN signal on $memory\memory[45]$1519 ($dff) from module data_memory (D = $0$memwr$\memory$rtl/data_memory.v:27$95_DATA[31:0]$98, Q = \memory[45]).
Adding EN signal on $memory\memory[44]$1517 ($dff) from module data_memory (D = $0$memwr$\memory$rtl/data_memory.v:27$95_DATA[31:0]$98, Q = \memory[44]).
Adding EN signal on $memory\memory[43]$1515 ($dff) from module data_memory (D = $0$memwr$\memory$rtl/data_memory.v:27$95_DATA[31:0]$98, Q = \memory[43]).
Adding EN signal on $memory\memory[42]$1513 ($dff) from module data_memory (D = $0$memwr$\memory$rtl/data_memory.v:27$95_DATA[31:0]$98, Q = \memory[42]).
Adding EN signal on $memory\memory[41]$1511 ($dff) from module data_memory (D = $0$memwr$\memory$rtl/data_memory.v:27$95_DATA[31:0]$98, Q = \memory[41]).
Adding EN signal on $memory\memory[40]$1509 ($dff) from module data_memory (D = $0$memwr$\memory$rtl/data_memory.v:27$95_DATA[31:0]$98, Q = \memory[40]).
Adding EN signal on $memory\memory[3]$1435 ($dff) from module data_memory (D = $0$memwr$\memory$rtl/data_memory.v:27$95_DATA[31:0]$98, Q = \memory[3]).
Adding EN signal on $memory\memory[39]$1507 ($dff) from module data_memory (D = $0$memwr$\memory$rtl/data_memory.v:27$95_DATA[31:0]$98, Q = \memory[39]).
Adding EN signal on $memory\memory[38]$1505 ($dff) from module data_memory (D = $0$memwr$\memory$rtl/data_memory.v:27$95_DATA[31:0]$98, Q = \memory[38]).
Adding EN signal on $memory\memory[37]$1503 ($dff) from module data_memory (D = $0$memwr$\memory$rtl/data_memory.v:27$95_DATA[31:0]$98, Q = \memory[37]).
Adding EN signal on $memory\memory[36]$1501 ($dff) from module data_memory (D = $0$memwr$\memory$rtl/data_memory.v:27$95_DATA[31:0]$98, Q = \memory[36]).
Adding EN signal on $memory\memory[35]$1499 ($dff) from module data_memory (D = $0$memwr$\memory$rtl/data_memory.v:27$95_DATA[31:0]$98, Q = \memory[35]).
Adding EN signal on $memory\memory[34]$1497 ($dff) from module data_memory (D = $0$memwr$\memory$rtl/data_memory.v:27$95_DATA[31:0]$98, Q = \memory[34]).
Adding EN signal on $memory\memory[33]$1495 ($dff) from module data_memory (D = $0$memwr$\memory$rtl/data_memory.v:27$95_DATA[31:0]$98, Q = \memory[33]).
Adding EN signal on $memory\memory[32]$1493 ($dff) from module data_memory (D = $0$memwr$\memory$rtl/data_memory.v:27$95_DATA[31:0]$98, Q = \memory[32]).
Adding EN signal on $memory\memory[31]$1491 ($dff) from module data_memory (D = $0$memwr$\memory$rtl/data_memory.v:27$95_DATA[31:0]$98, Q = \memory[31]).
Adding EN signal on $memory\memory[30]$1489 ($dff) from module data_memory (D = $0$memwr$\memory$rtl/data_memory.v:27$95_DATA[31:0]$98, Q = \memory[30]).
Adding EN signal on $memory\memory[2]$1433 ($dff) from module data_memory (D = $0$memwr$\memory$rtl/data_memory.v:27$95_DATA[31:0]$98, Q = \memory[2]).
Adding EN signal on $memory\memory[29]$1487 ($dff) from module data_memory (D = $0$memwr$\memory$rtl/data_memory.v:27$95_DATA[31:0]$98, Q = \memory[29]).
Adding EN signal on $memory\memory[28]$1485 ($dff) from module data_memory (D = $0$memwr$\memory$rtl/data_memory.v:27$95_DATA[31:0]$98, Q = \memory[28]).
Adding EN signal on $memory\memory[27]$1483 ($dff) from module data_memory (D = $0$memwr$\memory$rtl/data_memory.v:27$95_DATA[31:0]$98, Q = \memory[27]).
Adding EN signal on $memory\memory[26]$1481 ($dff) from module data_memory (D = $0$memwr$\memory$rtl/data_memory.v:27$95_DATA[31:0]$98, Q = \memory[26]).
Adding EN signal on $memory\memory[25]$1479 ($dff) from module data_memory (D = $0$memwr$\memory$rtl/data_memory.v:27$95_DATA[31:0]$98, Q = \memory[25]).
Adding EN signal on $memory\memory[255]$1939 ($dff) from module data_memory (D = $0$memwr$\memory$rtl/data_memory.v:27$95_DATA[31:0]$98, Q = \memory[255]).
Adding EN signal on $memory\memory[254]$1937 ($dff) from module data_memory (D = $0$memwr$\memory$rtl/data_memory.v:27$95_DATA[31:0]$98, Q = \memory[254]).
Adding EN signal on $memory\memory[253]$1935 ($dff) from module data_memory (D = $0$memwr$\memory$rtl/data_memory.v:27$95_DATA[31:0]$98, Q = \memory[253]).
Adding EN signal on $memory\memory[252]$1933 ($dff) from module data_memory (D = $0$memwr$\memory$rtl/data_memory.v:27$95_DATA[31:0]$98, Q = \memory[252]).
Adding EN signal on $memory\memory[251]$1931 ($dff) from module data_memory (D = $0$memwr$\memory$rtl/data_memory.v:27$95_DATA[31:0]$98, Q = \memory[251]).
Adding EN signal on $memory\memory[250]$1929 ($dff) from module data_memory (D = $0$memwr$\memory$rtl/data_memory.v:27$95_DATA[31:0]$98, Q = \memory[250]).
Adding EN signal on $memory\memory[24]$1477 ($dff) from module data_memory (D = $0$memwr$\memory$rtl/data_memory.v:27$95_DATA[31:0]$98, Q = \memory[24]).
Adding EN signal on $memory\memory[249]$1927 ($dff) from module data_memory (D = $0$memwr$\memory$rtl/data_memory.v:27$95_DATA[31:0]$98, Q = \memory[249]).
Adding EN signal on $memory\memory[248]$1925 ($dff) from module data_memory (D = $0$memwr$\memory$rtl/data_memory.v:27$95_DATA[31:0]$98, Q = \memory[248]).
Adding EN signal on $memory\memory[247]$1923 ($dff) from module data_memory (D = $0$memwr$\memory$rtl/data_memory.v:27$95_DATA[31:0]$98, Q = \memory[247]).
Adding EN signal on $memory\memory[246]$1921 ($dff) from module data_memory (D = $0$memwr$\memory$rtl/data_memory.v:27$95_DATA[31:0]$98, Q = \memory[246]).
Adding EN signal on $memory\memory[245]$1919 ($dff) from module data_memory (D = $0$memwr$\memory$rtl/data_memory.v:27$95_DATA[31:0]$98, Q = \memory[245]).
Adding EN signal on $memory\memory[244]$1917 ($dff) from module data_memory (D = $0$memwr$\memory$rtl/data_memory.v:27$95_DATA[31:0]$98, Q = \memory[244]).
Adding EN signal on $memory\memory[243]$1915 ($dff) from module data_memory (D = $0$memwr$\memory$rtl/data_memory.v:27$95_DATA[31:0]$98, Q = \memory[243]).
Adding EN signal on $memory\memory[242]$1913 ($dff) from module data_memory (D = $0$memwr$\memory$rtl/data_memory.v:27$95_DATA[31:0]$98, Q = \memory[242]).
Adding EN signal on $memory\memory[241]$1911 ($dff) from module data_memory (D = $0$memwr$\memory$rtl/data_memory.v:27$95_DATA[31:0]$98, Q = \memory[241]).
Adding EN signal on $memory\memory[240]$1909 ($dff) from module data_memory (D = $0$memwr$\memory$rtl/data_memory.v:27$95_DATA[31:0]$98, Q = \memory[240]).
Adding EN signal on $memory\memory[23]$1475 ($dff) from module data_memory (D = $0$memwr$\memory$rtl/data_memory.v:27$95_DATA[31:0]$98, Q = \memory[23]).
Adding EN signal on $memory\memory[239]$1907 ($dff) from module data_memory (D = $0$memwr$\memory$rtl/data_memory.v:27$95_DATA[31:0]$98, Q = \memory[239]).
Adding EN signal on $memory\memory[238]$1905 ($dff) from module data_memory (D = $0$memwr$\memory$rtl/data_memory.v:27$95_DATA[31:0]$98, Q = \memory[238]).
Adding EN signal on $memory\memory[237]$1903 ($dff) from module data_memory (D = $0$memwr$\memory$rtl/data_memory.v:27$95_DATA[31:0]$98, Q = \memory[237]).
Adding EN signal on $memory\memory[236]$1901 ($dff) from module data_memory (D = $0$memwr$\memory$rtl/data_memory.v:27$95_DATA[31:0]$98, Q = \memory[236]).
Adding EN signal on $memory\memory[235]$1899 ($dff) from module data_memory (D = $0$memwr$\memory$rtl/data_memory.v:27$95_DATA[31:0]$98, Q = \memory[235]).
Adding EN signal on $memory\memory[234]$1897 ($dff) from module data_memory (D = $0$memwr$\memory$rtl/data_memory.v:27$95_DATA[31:0]$98, Q = \memory[234]).
Adding EN signal on $memory\memory[233]$1895 ($dff) from module data_memory (D = $0$memwr$\memory$rtl/data_memory.v:27$95_DATA[31:0]$98, Q = \memory[233]).
Adding EN signal on $memory\memory[232]$1893 ($dff) from module data_memory (D = $0$memwr$\memory$rtl/data_memory.v:27$95_DATA[31:0]$98, Q = \memory[232]).
Adding EN signal on $memory\memory[231]$1891 ($dff) from module data_memory (D = $0$memwr$\memory$rtl/data_memory.v:27$95_DATA[31:0]$98, Q = \memory[231]).
Adding EN signal on $memory\memory[230]$1889 ($dff) from module data_memory (D = $0$memwr$\memory$rtl/data_memory.v:27$95_DATA[31:0]$98, Q = \memory[230]).
Adding EN signal on $memory\memory[22]$1473 ($dff) from module data_memory (D = $0$memwr$\memory$rtl/data_memory.v:27$95_DATA[31:0]$98, Q = \memory[22]).
Adding EN signal on $memory\memory[229]$1887 ($dff) from module data_memory (D = $0$memwr$\memory$rtl/data_memory.v:27$95_DATA[31:0]$98, Q = \memory[229]).
Adding EN signal on $memory\memory[228]$1885 ($dff) from module data_memory (D = $0$memwr$\memory$rtl/data_memory.v:27$95_DATA[31:0]$98, Q = \memory[228]).
Adding EN signal on $memory\memory[227]$1883 ($dff) from module data_memory (D = $0$memwr$\memory$rtl/data_memory.v:27$95_DATA[31:0]$98, Q = \memory[227]).
Adding EN signal on $memory\memory[226]$1881 ($dff) from module data_memory (D = $0$memwr$\memory$rtl/data_memory.v:27$95_DATA[31:0]$98, Q = \memory[226]).
Adding EN signal on $memory\memory[225]$1879 ($dff) from module data_memory (D = $0$memwr$\memory$rtl/data_memory.v:27$95_DATA[31:0]$98, Q = \memory[225]).
Adding EN signal on $memory\memory[224]$1877 ($dff) from module data_memory (D = $0$memwr$\memory$rtl/data_memory.v:27$95_DATA[31:0]$98, Q = \memory[224]).
Adding EN signal on $memory\memory[223]$1875 ($dff) from module data_memory (D = $0$memwr$\memory$rtl/data_memory.v:27$95_DATA[31:0]$98, Q = \memory[223]).
Adding EN signal on $memory\memory[222]$1873 ($dff) from module data_memory (D = $0$memwr$\memory$rtl/data_memory.v:27$95_DATA[31:0]$98, Q = \memory[222]).
Adding EN signal on $memory\memory[221]$1871 ($dff) from module data_memory (D = $0$memwr$\memory$rtl/data_memory.v:27$95_DATA[31:0]$98, Q = \memory[221]).
Adding EN signal on $memory\memory[220]$1869 ($dff) from module data_memory (D = $0$memwr$\memory$rtl/data_memory.v:27$95_DATA[31:0]$98, Q = \memory[220]).
Adding EN signal on $memory\memory[21]$1471 ($dff) from module data_memory (D = $0$memwr$\memory$rtl/data_memory.v:27$95_DATA[31:0]$98, Q = \memory[21]).
Adding EN signal on $memory\memory[219]$1867 ($dff) from module data_memory (D = $0$memwr$\memory$rtl/data_memory.v:27$95_DATA[31:0]$98, Q = \memory[219]).
Adding EN signal on $memory\memory[218]$1865 ($dff) from module data_memory (D = $0$memwr$\memory$rtl/data_memory.v:27$95_DATA[31:0]$98, Q = \memory[218]).
Adding EN signal on $memory\memory[217]$1863 ($dff) from module data_memory (D = $0$memwr$\memory$rtl/data_memory.v:27$95_DATA[31:0]$98, Q = \memory[217]).
Adding EN signal on $memory\memory[216]$1861 ($dff) from module data_memory (D = $0$memwr$\memory$rtl/data_memory.v:27$95_DATA[31:0]$98, Q = \memory[216]).
Adding EN signal on $memory\memory[215]$1859 ($dff) from module data_memory (D = $0$memwr$\memory$rtl/data_memory.v:27$95_DATA[31:0]$98, Q = \memory[215]).
Adding EN signal on $memory\memory[214]$1857 ($dff) from module data_memory (D = $0$memwr$\memory$rtl/data_memory.v:27$95_DATA[31:0]$98, Q = \memory[214]).
Adding EN signal on $memory\memory[213]$1855 ($dff) from module data_memory (D = $0$memwr$\memory$rtl/data_memory.v:27$95_DATA[31:0]$98, Q = \memory[213]).
Adding EN signal on $memory\memory[212]$1853 ($dff) from module data_memory (D = $0$memwr$\memory$rtl/data_memory.v:27$95_DATA[31:0]$98, Q = \memory[212]).
Adding EN signal on $memory\memory[211]$1851 ($dff) from module data_memory (D = $0$memwr$\memory$rtl/data_memory.v:27$95_DATA[31:0]$98, Q = \memory[211]).
Adding EN signal on $memory\memory[210]$1849 ($dff) from module data_memory (D = $0$memwr$\memory$rtl/data_memory.v:27$95_DATA[31:0]$98, Q = \memory[210]).
Adding EN signal on $memory\memory[20]$1469 ($dff) from module data_memory (D = $0$memwr$\memory$rtl/data_memory.v:27$95_DATA[31:0]$98, Q = \memory[20]).
Adding EN signal on $memory\memory[209]$1847 ($dff) from module data_memory (D = $0$memwr$\memory$rtl/data_memory.v:27$95_DATA[31:0]$98, Q = \memory[209]).
Adding EN signal on $memory\memory[208]$1845 ($dff) from module data_memory (D = $0$memwr$\memory$rtl/data_memory.v:27$95_DATA[31:0]$98, Q = \memory[208]).
Adding EN signal on $memory\memory[207]$1843 ($dff) from module data_memory (D = $0$memwr$\memory$rtl/data_memory.v:27$95_DATA[31:0]$98, Q = \memory[207]).
Adding EN signal on $memory\memory[206]$1841 ($dff) from module data_memory (D = $0$memwr$\memory$rtl/data_memory.v:27$95_DATA[31:0]$98, Q = \memory[206]).
Adding EN signal on $memory\memory[205]$1839 ($dff) from module data_memory (D = $0$memwr$\memory$rtl/data_memory.v:27$95_DATA[31:0]$98, Q = \memory[205]).
Adding EN signal on $memory\memory[204]$1837 ($dff) from module data_memory (D = $0$memwr$\memory$rtl/data_memory.v:27$95_DATA[31:0]$98, Q = \memory[204]).
Adding EN signal on $memory\memory[203]$1835 ($dff) from module data_memory (D = $0$memwr$\memory$rtl/data_memory.v:27$95_DATA[31:0]$98, Q = \memory[203]).
Adding EN signal on $memory\memory[202]$1833 ($dff) from module data_memory (D = $0$memwr$\memory$rtl/data_memory.v:27$95_DATA[31:0]$98, Q = \memory[202]).
Adding EN signal on $memory\memory[201]$1831 ($dff) from module data_memory (D = $0$memwr$\memory$rtl/data_memory.v:27$95_DATA[31:0]$98, Q = \memory[201]).
Adding EN signal on $memory\memory[200]$1829 ($dff) from module data_memory (D = $0$memwr$\memory$rtl/data_memory.v:27$95_DATA[31:0]$98, Q = \memory[200]).
Adding EN signal on $memory\memory[1]$1431 ($dff) from module data_memory (D = $0$memwr$\memory$rtl/data_memory.v:27$95_DATA[31:0]$98, Q = \memory[1]).
Adding EN signal on $memory\memory[19]$1467 ($dff) from module data_memory (D = $0$memwr$\memory$rtl/data_memory.v:27$95_DATA[31:0]$98, Q = \memory[19]).
Adding EN signal on $memory\memory[199]$1827 ($dff) from module data_memory (D = $0$memwr$\memory$rtl/data_memory.v:27$95_DATA[31:0]$98, Q = \memory[199]).
Adding EN signal on $memory\memory[198]$1825 ($dff) from module data_memory (D = $0$memwr$\memory$rtl/data_memory.v:27$95_DATA[31:0]$98, Q = \memory[198]).
Adding EN signal on $memory\memory[197]$1823 ($dff) from module data_memory (D = $0$memwr$\memory$rtl/data_memory.v:27$95_DATA[31:0]$98, Q = \memory[197]).
Adding EN signal on $memory\memory[196]$1821 ($dff) from module data_memory (D = $0$memwr$\memory$rtl/data_memory.v:27$95_DATA[31:0]$98, Q = \memory[196]).
Adding EN signal on $memory\memory[195]$1819 ($dff) from module data_memory (D = $0$memwr$\memory$rtl/data_memory.v:27$95_DATA[31:0]$98, Q = \memory[195]).
Adding EN signal on $memory\memory[194]$1817 ($dff) from module data_memory (D = $0$memwr$\memory$rtl/data_memory.v:27$95_DATA[31:0]$98, Q = \memory[194]).
Adding EN signal on $memory\memory[193]$1815 ($dff) from module data_memory (D = $0$memwr$\memory$rtl/data_memory.v:27$95_DATA[31:0]$98, Q = \memory[193]).
Adding EN signal on $memory\memory[192]$1813 ($dff) from module data_memory (D = $0$memwr$\memory$rtl/data_memory.v:27$95_DATA[31:0]$98, Q = \memory[192]).
Adding EN signal on $memory\memory[191]$1811 ($dff) from module data_memory (D = $0$memwr$\memory$rtl/data_memory.v:27$95_DATA[31:0]$98, Q = \memory[191]).
Adding EN signal on $memory\memory[190]$1809 ($dff) from module data_memory (D = $0$memwr$\memory$rtl/data_memory.v:27$95_DATA[31:0]$98, Q = \memory[190]).
Adding EN signal on $memory\memory[18]$1465 ($dff) from module data_memory (D = $0$memwr$\memory$rtl/data_memory.v:27$95_DATA[31:0]$98, Q = \memory[18]).
Adding EN signal on $memory\memory[189]$1807 ($dff) from module data_memory (D = $0$memwr$\memory$rtl/data_memory.v:27$95_DATA[31:0]$98, Q = \memory[189]).
Adding EN signal on $memory\memory[188]$1805 ($dff) from module data_memory (D = $0$memwr$\memory$rtl/data_memory.v:27$95_DATA[31:0]$98, Q = \memory[188]).
Adding EN signal on $memory\memory[187]$1803 ($dff) from module data_memory (D = $0$memwr$\memory$rtl/data_memory.v:27$95_DATA[31:0]$98, Q = \memory[187]).
Adding EN signal on $memory\memory[186]$1801 ($dff) from module data_memory (D = $0$memwr$\memory$rtl/data_memory.v:27$95_DATA[31:0]$98, Q = \memory[186]).
Adding EN signal on $memory\memory[185]$1799 ($dff) from module data_memory (D = $0$memwr$\memory$rtl/data_memory.v:27$95_DATA[31:0]$98, Q = \memory[185]).
Adding EN signal on $memory\memory[184]$1797 ($dff) from module data_memory (D = $0$memwr$\memory$rtl/data_memory.v:27$95_DATA[31:0]$98, Q = \memory[184]).
Adding EN signal on $memory\memory[183]$1795 ($dff) from module data_memory (D = $0$memwr$\memory$rtl/data_memory.v:27$95_DATA[31:0]$98, Q = \memory[183]).
Adding EN signal on $memory\memory[182]$1793 ($dff) from module data_memory (D = $0$memwr$\memory$rtl/data_memory.v:27$95_DATA[31:0]$98, Q = \memory[182]).
Adding EN signal on $memory\memory[181]$1791 ($dff) from module data_memory (D = $0$memwr$\memory$rtl/data_memory.v:27$95_DATA[31:0]$98, Q = \memory[181]).
Adding EN signal on $memory\memory[180]$1789 ($dff) from module data_memory (D = $0$memwr$\memory$rtl/data_memory.v:27$95_DATA[31:0]$98, Q = \memory[180]).
Adding EN signal on $memory\memory[17]$1463 ($dff) from module data_memory (D = $0$memwr$\memory$rtl/data_memory.v:27$95_DATA[31:0]$98, Q = \memory[17]).
Adding EN signal on $memory\memory[179]$1787 ($dff) from module data_memory (D = $0$memwr$\memory$rtl/data_memory.v:27$95_DATA[31:0]$98, Q = \memory[179]).
Adding EN signal on $memory\memory[178]$1785 ($dff) from module data_memory (D = $0$memwr$\memory$rtl/data_memory.v:27$95_DATA[31:0]$98, Q = \memory[178]).
Adding EN signal on $memory\memory[177]$1783 ($dff) from module data_memory (D = $0$memwr$\memory$rtl/data_memory.v:27$95_DATA[31:0]$98, Q = \memory[177]).
Adding EN signal on $memory\memory[176]$1781 ($dff) from module data_memory (D = $0$memwr$\memory$rtl/data_memory.v:27$95_DATA[31:0]$98, Q = \memory[176]).
Adding EN signal on $memory\memory[175]$1779 ($dff) from module data_memory (D = $0$memwr$\memory$rtl/data_memory.v:27$95_DATA[31:0]$98, Q = \memory[175]).
Adding EN signal on $memory\memory[174]$1777 ($dff) from module data_memory (D = $0$memwr$\memory$rtl/data_memory.v:27$95_DATA[31:0]$98, Q = \memory[174]).
Adding EN signal on $memory\memory[173]$1775 ($dff) from module data_memory (D = $0$memwr$\memory$rtl/data_memory.v:27$95_DATA[31:0]$98, Q = \memory[173]).
Adding EN signal on $memory\memory[172]$1773 ($dff) from module data_memory (D = $0$memwr$\memory$rtl/data_memory.v:27$95_DATA[31:0]$98, Q = \memory[172]).
Adding EN signal on $memory\memory[171]$1771 ($dff) from module data_memory (D = $0$memwr$\memory$rtl/data_memory.v:27$95_DATA[31:0]$98, Q = \memory[171]).
Adding EN signal on $memory\memory[170]$1769 ($dff) from module data_memory (D = $0$memwr$\memory$rtl/data_memory.v:27$95_DATA[31:0]$98, Q = \memory[170]).
Adding EN signal on $memory\memory[16]$1461 ($dff) from module data_memory (D = $0$memwr$\memory$rtl/data_memory.v:27$95_DATA[31:0]$98, Q = \memory[16]).
Adding EN signal on $memory\memory[169]$1767 ($dff) from module data_memory (D = $0$memwr$\memory$rtl/data_memory.v:27$95_DATA[31:0]$98, Q = \memory[169]).
Adding EN signal on $memory\memory[168]$1765 ($dff) from module data_memory (D = $0$memwr$\memory$rtl/data_memory.v:27$95_DATA[31:0]$98, Q = \memory[168]).
Adding EN signal on $memory\memory[167]$1763 ($dff) from module data_memory (D = $0$memwr$\memory$rtl/data_memory.v:27$95_DATA[31:0]$98, Q = \memory[167]).
Adding EN signal on $memory\memory[166]$1761 ($dff) from module data_memory (D = $0$memwr$\memory$rtl/data_memory.v:27$95_DATA[31:0]$98, Q = \memory[166]).
Adding EN signal on $memory\memory[165]$1759 ($dff) from module data_memory (D = $0$memwr$\memory$rtl/data_memory.v:27$95_DATA[31:0]$98, Q = \memory[165]).
Adding EN signal on $memory\memory[164]$1757 ($dff) from module data_memory (D = $0$memwr$\memory$rtl/data_memory.v:27$95_DATA[31:0]$98, Q = \memory[164]).
Adding EN signal on $memory\memory[163]$1755 ($dff) from module data_memory (D = $0$memwr$\memory$rtl/data_memory.v:27$95_DATA[31:0]$98, Q = \memory[163]).
Adding EN signal on $memory\memory[162]$1753 ($dff) from module data_memory (D = $0$memwr$\memory$rtl/data_memory.v:27$95_DATA[31:0]$98, Q = \memory[162]).
Adding EN signal on $memory\memory[161]$1751 ($dff) from module data_memory (D = $0$memwr$\memory$rtl/data_memory.v:27$95_DATA[31:0]$98, Q = \memory[161]).
Adding EN signal on $memory\memory[160]$1749 ($dff) from module data_memory (D = $0$memwr$\memory$rtl/data_memory.v:27$95_DATA[31:0]$98, Q = \memory[160]).
Adding EN signal on $memory\memory[15]$1459 ($dff) from module data_memory (D = $0$memwr$\memory$rtl/data_memory.v:27$95_DATA[31:0]$98, Q = \memory[15]).
Adding EN signal on $memory\memory[159]$1747 ($dff) from module data_memory (D = $0$memwr$\memory$rtl/data_memory.v:27$95_DATA[31:0]$98, Q = \memory[159]).
Adding EN signal on $memory\memory[158]$1745 ($dff) from module data_memory (D = $0$memwr$\memory$rtl/data_memory.v:27$95_DATA[31:0]$98, Q = \memory[158]).
Adding EN signal on $memory\memory[157]$1743 ($dff) from module data_memory (D = $0$memwr$\memory$rtl/data_memory.v:27$95_DATA[31:0]$98, Q = \memory[157]).
Adding EN signal on $memory\memory[156]$1741 ($dff) from module data_memory (D = $0$memwr$\memory$rtl/data_memory.v:27$95_DATA[31:0]$98, Q = \memory[156]).
Adding EN signal on $memory\memory[155]$1739 ($dff) from module data_memory (D = $0$memwr$\memory$rtl/data_memory.v:27$95_DATA[31:0]$98, Q = \memory[155]).
Adding EN signal on $memory\memory[154]$1737 ($dff) from module data_memory (D = $0$memwr$\memory$rtl/data_memory.v:27$95_DATA[31:0]$98, Q = \memory[154]).
Adding EN signal on $memory\memory[153]$1735 ($dff) from module data_memory (D = $0$memwr$\memory$rtl/data_memory.v:27$95_DATA[31:0]$98, Q = \memory[153]).
Adding EN signal on $memory\memory[152]$1733 ($dff) from module data_memory (D = $0$memwr$\memory$rtl/data_memory.v:27$95_DATA[31:0]$98, Q = \memory[152]).
Adding EN signal on $memory\memory[151]$1731 ($dff) from module data_memory (D = $0$memwr$\memory$rtl/data_memory.v:27$95_DATA[31:0]$98, Q = \memory[151]).
Adding EN signal on $memory\memory[150]$1729 ($dff) from module data_memory (D = $0$memwr$\memory$rtl/data_memory.v:27$95_DATA[31:0]$98, Q = \memory[150]).
Adding EN signal on $memory\memory[14]$1457 ($dff) from module data_memory (D = $0$memwr$\memory$rtl/data_memory.v:27$95_DATA[31:0]$98, Q = \memory[14]).
Adding EN signal on $memory\memory[149]$1727 ($dff) from module data_memory (D = $0$memwr$\memory$rtl/data_memory.v:27$95_DATA[31:0]$98, Q = \memory[149]).
Adding EN signal on $memory\memory[148]$1725 ($dff) from module data_memory (D = $0$memwr$\memory$rtl/data_memory.v:27$95_DATA[31:0]$98, Q = \memory[148]).
Adding EN signal on $memory\memory[147]$1723 ($dff) from module data_memory (D = $0$memwr$\memory$rtl/data_memory.v:27$95_DATA[31:0]$98, Q = \memory[147]).
Adding EN signal on $memory\memory[146]$1721 ($dff) from module data_memory (D = $0$memwr$\memory$rtl/data_memory.v:27$95_DATA[31:0]$98, Q = \memory[146]).
Adding EN signal on $memory\memory[145]$1719 ($dff) from module data_memory (D = $0$memwr$\memory$rtl/data_memory.v:27$95_DATA[31:0]$98, Q = \memory[145]).
Adding EN signal on $memory\memory[144]$1717 ($dff) from module data_memory (D = $0$memwr$\memory$rtl/data_memory.v:27$95_DATA[31:0]$98, Q = \memory[144]).
Adding EN signal on $memory\memory[143]$1715 ($dff) from module data_memory (D = $0$memwr$\memory$rtl/data_memory.v:27$95_DATA[31:0]$98, Q = \memory[143]).
Adding EN signal on $memory\memory[142]$1713 ($dff) from module data_memory (D = $0$memwr$\memory$rtl/data_memory.v:27$95_DATA[31:0]$98, Q = \memory[142]).
Adding EN signal on $memory\memory[141]$1711 ($dff) from module data_memory (D = $0$memwr$\memory$rtl/data_memory.v:27$95_DATA[31:0]$98, Q = \memory[141]).
Adding EN signal on $memory\memory[140]$1709 ($dff) from module data_memory (D = $0$memwr$\memory$rtl/data_memory.v:27$95_DATA[31:0]$98, Q = \memory[140]).
Adding EN signal on $memory\memory[13]$1455 ($dff) from module data_memory (D = $0$memwr$\memory$rtl/data_memory.v:27$95_DATA[31:0]$98, Q = \memory[13]).
Adding EN signal on $memory\memory[139]$1707 ($dff) from module data_memory (D = $0$memwr$\memory$rtl/data_memory.v:27$95_DATA[31:0]$98, Q = \memory[139]).
Adding EN signal on $memory\memory[138]$1705 ($dff) from module data_memory (D = $0$memwr$\memory$rtl/data_memory.v:27$95_DATA[31:0]$98, Q = \memory[138]).
Adding EN signal on $memory\memory[137]$1703 ($dff) from module data_memory (D = $0$memwr$\memory$rtl/data_memory.v:27$95_DATA[31:0]$98, Q = \memory[137]).
Adding EN signal on $memory\memory[136]$1701 ($dff) from module data_memory (D = $0$memwr$\memory$rtl/data_memory.v:27$95_DATA[31:0]$98, Q = \memory[136]).
Adding EN signal on $memory\memory[135]$1699 ($dff) from module data_memory (D = $0$memwr$\memory$rtl/data_memory.v:27$95_DATA[31:0]$98, Q = \memory[135]).
Adding EN signal on $memory\memory[134]$1697 ($dff) from module data_memory (D = $0$memwr$\memory$rtl/data_memory.v:27$95_DATA[31:0]$98, Q = \memory[134]).
Adding EN signal on $memory\memory[133]$1695 ($dff) from module data_memory (D = $0$memwr$\memory$rtl/data_memory.v:27$95_DATA[31:0]$98, Q = \memory[133]).
Adding EN signal on $memory\memory[132]$1693 ($dff) from module data_memory (D = $0$memwr$\memory$rtl/data_memory.v:27$95_DATA[31:0]$98, Q = \memory[132]).
Adding EN signal on $memory\memory[131]$1691 ($dff) from module data_memory (D = $0$memwr$\memory$rtl/data_memory.v:27$95_DATA[31:0]$98, Q = \memory[131]).
Adding EN signal on $memory\memory[130]$1689 ($dff) from module data_memory (D = $0$memwr$\memory$rtl/data_memory.v:27$95_DATA[31:0]$98, Q = \memory[130]).
Adding EN signal on $memory\memory[12]$1453 ($dff) from module data_memory (D = $0$memwr$\memory$rtl/data_memory.v:27$95_DATA[31:0]$98, Q = \memory[12]).
Adding EN signal on $memory\memory[129]$1687 ($dff) from module data_memory (D = $0$memwr$\memory$rtl/data_memory.v:27$95_DATA[31:0]$98, Q = \memory[129]).
Adding EN signal on $memory\memory[128]$1685 ($dff) from module data_memory (D = $0$memwr$\memory$rtl/data_memory.v:27$95_DATA[31:0]$98, Q = \memory[128]).
Adding EN signal on $memory\memory[127]$1683 ($dff) from module data_memory (D = $0$memwr$\memory$rtl/data_memory.v:27$95_DATA[31:0]$98, Q = \memory[127]).
Adding EN signal on $memory\memory[126]$1681 ($dff) from module data_memory (D = $0$memwr$\memory$rtl/data_memory.v:27$95_DATA[31:0]$98, Q = \memory[126]).
Adding EN signal on $memory\memory[125]$1679 ($dff) from module data_memory (D = $0$memwr$\memory$rtl/data_memory.v:27$95_DATA[31:0]$98, Q = \memory[125]).
Adding EN signal on $memory\memory[124]$1677 ($dff) from module data_memory (D = $0$memwr$\memory$rtl/data_memory.v:27$95_DATA[31:0]$98, Q = \memory[124]).
Adding EN signal on $memory\memory[123]$1675 ($dff) from module data_memory (D = $0$memwr$\memory$rtl/data_memory.v:27$95_DATA[31:0]$98, Q = \memory[123]).
Adding EN signal on $memory\memory[122]$1673 ($dff) from module data_memory (D = $0$memwr$\memory$rtl/data_memory.v:27$95_DATA[31:0]$98, Q = \memory[122]).
Adding EN signal on $memory\memory[121]$1671 ($dff) from module data_memory (D = $0$memwr$\memory$rtl/data_memory.v:27$95_DATA[31:0]$98, Q = \memory[121]).
Adding EN signal on $memory\memory[120]$1669 ($dff) from module data_memory (D = $0$memwr$\memory$rtl/data_memory.v:27$95_DATA[31:0]$98, Q = \memory[120]).
Adding EN signal on $memory\memory[11]$1451 ($dff) from module data_memory (D = $0$memwr$\memory$rtl/data_memory.v:27$95_DATA[31:0]$98, Q = \memory[11]).
Adding EN signal on $memory\memory[119]$1667 ($dff) from module data_memory (D = $0$memwr$\memory$rtl/data_memory.v:27$95_DATA[31:0]$98, Q = \memory[119]).
Adding EN signal on $memory\memory[118]$1665 ($dff) from module data_memory (D = $0$memwr$\memory$rtl/data_memory.v:27$95_DATA[31:0]$98, Q = \memory[118]).
Adding EN signal on $memory\memory[117]$1663 ($dff) from module data_memory (D = $0$memwr$\memory$rtl/data_memory.v:27$95_DATA[31:0]$98, Q = \memory[117]).
Adding EN signal on $memory\memory[116]$1661 ($dff) from module data_memory (D = $0$memwr$\memory$rtl/data_memory.v:27$95_DATA[31:0]$98, Q = \memory[116]).
Adding EN signal on $memory\memory[115]$1659 ($dff) from module data_memory (D = $0$memwr$\memory$rtl/data_memory.v:27$95_DATA[31:0]$98, Q = \memory[115]).
Adding EN signal on $memory\memory[114]$1657 ($dff) from module data_memory (D = $0$memwr$\memory$rtl/data_memory.v:27$95_DATA[31:0]$98, Q = \memory[114]).
Adding EN signal on $memory\memory[113]$1655 ($dff) from module data_memory (D = $0$memwr$\memory$rtl/data_memory.v:27$95_DATA[31:0]$98, Q = \memory[113]).
Adding EN signal on $memory\memory[112]$1653 ($dff) from module data_memory (D = $0$memwr$\memory$rtl/data_memory.v:27$95_DATA[31:0]$98, Q = \memory[112]).
Adding EN signal on $memory\memory[111]$1651 ($dff) from module data_memory (D = $0$memwr$\memory$rtl/data_memory.v:27$95_DATA[31:0]$98, Q = \memory[111]).
Adding EN signal on $memory\memory[110]$1649 ($dff) from module data_memory (D = $0$memwr$\memory$rtl/data_memory.v:27$95_DATA[31:0]$98, Q = \memory[110]).
Adding EN signal on $memory\memory[10]$1449 ($dff) from module data_memory (D = $0$memwr$\memory$rtl/data_memory.v:27$95_DATA[31:0]$98, Q = \memory[10]).
Adding EN signal on $memory\memory[109]$1647 ($dff) from module data_memory (D = $0$memwr$\memory$rtl/data_memory.v:27$95_DATA[31:0]$98, Q = \memory[109]).
Adding EN signal on $memory\memory[108]$1645 ($dff) from module data_memory (D = $0$memwr$\memory$rtl/data_memory.v:27$95_DATA[31:0]$98, Q = \memory[108]).
Adding EN signal on $memory\memory[107]$1643 ($dff) from module data_memory (D = $0$memwr$\memory$rtl/data_memory.v:27$95_DATA[31:0]$98, Q = \memory[107]).
Adding EN signal on $memory\memory[106]$1641 ($dff) from module data_memory (D = $0$memwr$\memory$rtl/data_memory.v:27$95_DATA[31:0]$98, Q = \memory[106]).
Adding EN signal on $memory\memory[105]$1639 ($dff) from module data_memory (D = $0$memwr$\memory$rtl/data_memory.v:27$95_DATA[31:0]$98, Q = \memory[105]).
Adding EN signal on $memory\memory[104]$1637 ($dff) from module data_memory (D = $0$memwr$\memory$rtl/data_memory.v:27$95_DATA[31:0]$98, Q = \memory[104]).
Adding EN signal on $memory\memory[103]$1635 ($dff) from module data_memory (D = $0$memwr$\memory$rtl/data_memory.v:27$95_DATA[31:0]$98, Q = \memory[103]).
Adding EN signal on $memory\memory[102]$1633 ($dff) from module data_memory (D = $0$memwr$\memory$rtl/data_memory.v:27$95_DATA[31:0]$98, Q = \memory[102]).
Adding EN signal on $memory\memory[101]$1631 ($dff) from module data_memory (D = $0$memwr$\memory$rtl/data_memory.v:27$95_DATA[31:0]$98, Q = \memory[101]).
Adding EN signal on $memory\memory[100]$1629 ($dff) from module data_memory (D = $0$memwr$\memory$rtl/data_memory.v:27$95_DATA[31:0]$98, Q = \memory[100]).
Adding EN signal on $memory\memory[0]$1429 ($dff) from module data_memory (D = $0$memwr$\memory$rtl/data_memory.v:27$95_DATA[31:0]$98, Q = \memory[0]).

20.14. Executing OPT_CLEAN pass (remove unused cells and wires).
Finding unused cells or wires in module \alu..
Finding unused cells or wires in module \alu_control..
Finding unused cells or wires in module \branch_unit..
Finding unused cells or wires in module \control_unit..
Finding unused cells or wires in module \data_memory..
Finding unused cells or wires in module \immediate_generator..
Finding unused cells or wires in module \instruction_decoder..
Finding unused cells or wires in module \instruction_memory..
Finding unused cells or wires in module \program_counter..
Finding unused cells or wires in module \register_file..
Finding unused cells or wires in module \riscv_cpu..
Finding unused cells or wires in module \top..
Removed 256 unused cells and 256 unused wires.
<suppressed ~257 debug messages>

20.15. Executing OPT_EXPR pass (perform const folding).
Optimizing module alu.
Optimizing module alu_control.
Optimizing module branch_unit.
Optimizing module control_unit.
Optimizing module data_memory.
Optimizing module immediate_generator.
Optimizing module instruction_decoder.
Optimizing module instruction_memory.
Optimizing module program_counter.
Optimizing module register_file.
Optimizing module riscv_cpu.
Optimizing module top.

20.16. Rerunning OPT passes. (Maybe there is more to do..)

20.17. Executing OPT_MUXTREE pass (detect dead branches in mux trees).
Running muxtree optimizer on module \alu..
  Creating internal representation of mux trees.
  Evaluating internal representation of mux trees.
  Analyzing evaluation results.
Running muxtree optimizer on module \alu_control..
  Creating internal representation of mux trees.
  Evaluating internal representation of mux trees.
  Analyzing evaluation results.
Running muxtree optimizer on module \branch_unit..
  Creating internal representation of mux trees.
  Evaluating internal representation of mux trees.
  Analyzing evaluation results.
Running muxtree optimizer on module \control_unit..
  Creating internal representation of mux trees.
  Evaluating internal representation of mux trees.
  Analyzing evaluation results.
Running muxtree optimizer on module \data_memory..
  Creating internal representation of mux trees.
  Evaluating internal representation of mux trees.
  Analyzing evaluation results.
Running muxtree optimizer on module \immediate_generator..
  Creating internal representation of mux trees.
  Evaluating internal representation of mux trees.
  Analyzing evaluation results.
Running muxtree optimizer on module \instruction_decoder..
  Creating internal representation of mux trees.
  No muxes found in this module.
Running muxtree optimizer on module \instruction_memory..
  Creating internal representation of mux trees.
  Evaluating internal representation of mux trees.
  Analyzing evaluation results.
Running muxtree optimizer on module \program_counter..
  Creating internal representation of mux trees.
  No muxes found in this module.
Running muxtree optimizer on module \register_file..
  Creating internal representation of mux trees.
  Evaluating internal representation of mux trees.
  Analyzing evaluation results.
Running muxtree optimizer on module \riscv_cpu..
  Creating internal representation of mux trees.
  Evaluating internal representation of mux trees.
  Analyzing evaluation results.
Running muxtree optimizer on module \top..
  Creating internal representation of mux trees.
  No muxes found in this module.
Removed 0 multiplexer ports.
<suppressed ~20 debug messages>

20.18. Executing OPT_REDUCE pass (consolidate $*mux and $reduce_* inputs).
  Optimizing cells in module \alu.
  Optimizing cells in module \alu_control.
  Optimizing cells in module \branch_unit.
  Optimizing cells in module \control_unit.
  Optimizing cells in module \data_memory.
  Optimizing cells in module \immediate_generator.
  Optimizing cells in module \instruction_decoder.
  Optimizing cells in module \instruction_memory.
  Optimizing cells in module \program_counter.
  Optimizing cells in module \register_file.
  Optimizing cells in module \riscv_cpu.
  Optimizing cells in module \top.
Performed a total of 0 changes.

20.19. Executing OPT_MERGE pass (detect identical cells).
Finding identical cells in module `\alu'.
Finding identical cells in module `\alu_control'.
Finding identical cells in module `\branch_unit'.
Finding identical cells in module `\control_unit'.
Finding identical cells in module `\data_memory'.
Finding identical cells in module `\immediate_generator'.
Finding identical cells in module `\instruction_decoder'.
Finding identical cells in module `\instruction_memory'.
Finding identical cells in module `\program_counter'.
Finding identical cells in module `\register_file'.
Finding identical cells in module `\riscv_cpu'.
Finding identical cells in module `\top'.
Removed a total of 0 cells.

20.20. Executing OPT_DFF pass (perform DFF optimizations).

20.21. Executing OPT_CLEAN pass (remove unused cells and wires).
Finding unused cells or wires in module \alu..
Finding unused cells or wires in module \alu_control..
Finding unused cells or wires in module \branch_unit..
Finding unused cells or wires in module \control_unit..
Finding unused cells or wires in module \data_memory..
Finding unused cells or wires in module \immediate_generator..
Finding unused cells or wires in module \instruction_decoder..
Finding unused cells or wires in module \instruction_memory..
Finding unused cells or wires in module \program_counter..
Finding unused cells or wires in module \register_file..
Finding unused cells or wires in module \riscv_cpu..
Finding unused cells or wires in module \top..

20.22. Executing OPT_EXPR pass (perform const folding).
Optimizing module alu.
Optimizing module alu_control.
Optimizing module branch_unit.
Optimizing module control_unit.
Optimizing module data_memory.
Optimizing module immediate_generator.
Optimizing module instruction_decoder.
Optimizing module instruction_memory.
Optimizing module program_counter.
Optimizing module register_file.
Optimizing module riscv_cpu.
Optimizing module top.

20.23. Finished OPT passes. (There is nothing left to do.)

21. Executing TECHMAP pass (map to technology primitives).

21.1. Executing Verilog-2005 frontend: /usr/bin/../share/yosys/techmap.v
Parsing Verilog input from `/usr/bin/../share/yosys/techmap.v' to AST representation.
Generating RTLIL representation for module `\_90_simplemap_bool_ops'.
Generating RTLIL representation for module `\_90_simplemap_reduce_ops'.
Generating RTLIL representation for module `\_90_simplemap_logic_ops'.
Generating RTLIL representation for module `\_90_simplemap_compare_ops'.
Generating RTLIL representation for module `\_90_simplemap_various'.
Generating RTLIL representation for module `\_90_simplemap_registers'.
Generating RTLIL representation for module `\_90_shift_ops_shr_shl_sshl_sshr'.
Generating RTLIL representation for module `\_90_shift_shiftx'.
Generating RTLIL representation for module `\_90_fa'.
Generating RTLIL representation for module `\_90_lcu'.
Generating RTLIL representation for module `\_90_alu'.
Generating RTLIL representation for module `\_90_macc'.
Generating RTLIL representation for module `\_90_alumacc'.
Generating RTLIL representation for module `\$__div_mod_u'.
Generating RTLIL representation for module `\$__div_mod_trunc'.
Generating RTLIL representation for module `\_90_div'.
Generating RTLIL representation for module `\_90_mod'.
Generating RTLIL representation for module `\$__div_mod_floor'.
Generating RTLIL representation for module `\_90_divfloor'.
Generating RTLIL representation for module `\_90_modfloor'.
Generating RTLIL representation for module `\_90_pow'.
Generating RTLIL representation for module `\_90_pmux'.
Generating RTLIL representation for module `\_90_demux'.
Generating RTLIL representation for module `\_90_lut'.
Successfully finished Verilog frontend.

21.2. Continuing TECHMAP pass.
Using extmapper simplemap for cells of type $mux.
Using extmapper simplemap for cells of type $eq.
Running "alumacc" on wrapper $extern:wrap:$add:A_SIGNED=0:A_WIDTH=32:B_SIGNED=0:B_WIDTH=32:Y_WIDTH=32:394426c56d1a028ba8fdd5469b163e04011def47.
Using template $extern:wrap:$add:A_SIGNED=0:A_WIDTH=32:B_SIGNED=0:B_WIDTH=32:Y_WIDTH=32:394426c56d1a028ba8fdd5469b163e04011def47 for cells of type $extern:wrap:$add:A_SIGNED=0:A_WIDTH=32:B_SIGNED=0:B_WIDTH=32:Y_WIDTH=32:394426c56d1a028ba8fdd5469b163e04011def47.
Using extmapper simplemap for cells of type $logic_and.
Using template $paramod$fbc7873bff55778c0b3173955b7e4bce1d9d6834\_90_alu for cells of type $alu.
Using template $paramod\_90_lcu\WIDTH=32'00000000000000000000000000100000 for cells of type $lcu.
Using extmapper simplemap for cells of type $and.
Using extmapper simplemap for cells of type $xor.
Using extmapper simplemap for cells of type $not.
Using extmapper simplemap for cells of type $pos.
Using extmapper simplemap for cells of type $or.
Using extmapper simplemap for cells of type $reduce_and.
Using extmapper simplemap for cells of type $reduce_bool.
Using extmapper simplemap for cells of type $adffe.
Using template $paramod$c83925f608704c3fa34790ddcfce9302bdcd7533\_90_pmux for cells of type $pmux.
Using extmapper simplemap for cells of type $logic_not.
Using extmapper simplemap for cells of type $reduce_or.
Using extmapper simplemap for cells of type $adff.
Using template $paramod$59b03ae2620a41577de8da5f5c97b2919e82362b\_90_pmux for cells of type $pmux.
Using extmapper simplemap for cells of type $dffe.
Using extmapper simplemap for cells of type $ne.
Using template $paramod$c5c783b17ab1d780abfad8cfe6563a0a7b47a3b0\_90_pmux for cells of type $pmux.
Using template $paramod$bf2533632d512eac76dd186c0da49367e29b8e98\_90_pmux for cells of type $pmux.
Using template $paramod$95ab7b964273918a033d1324366ecc612d202989\_90_pmux for cells of type $pmux.
Using template $paramod$c2e415ef15bc3ccd2723772353a6b450d3d76206\_90_pmux for cells of type $pmux.
Running "alumacc" on wrapper $extern:wrap:$sub:A_SIGNED=0:A_WIDTH=32:B_SIGNED=0:B_WIDTH=32:Y_WIDTH=32:394426c56d1a028ba8fdd5469b163e04011def47.
Using template $extern:wrap:$sub:A_SIGNED=0:A_WIDTH=32:B_SIGNED=0:B_WIDTH=32:Y_WIDTH=32:394426c56d1a028ba8fdd5469b163e04011def47 for cells of type $extern:wrap:$sub:A_SIGNED=0:A_WIDTH=32:B_SIGNED=0:B_WIDTH=32:Y_WIDTH=32:394426c56d1a028ba8fdd5469b163e04011def47.
Running "alumacc" on wrapper $extern:wrap:$lt:A_SIGNED=1:A_WIDTH=32:B_SIGNED=1:B_WIDTH=32:Y_WIDTH=1:394426c56d1a028ba8fdd5469b163e04011def47.
Using template $extern:wrap:$lt:A_SIGNED=1:A_WIDTH=32:B_SIGNED=1:B_WIDTH=32:Y_WIDTH=1:394426c56d1a028ba8fdd5469b163e04011def47 for cells of type $extern:wrap:$lt:A_SIGNED=1:A_WIDTH=32:B_SIGNED=1:B_WIDTH=32:Y_WIDTH=1:394426c56d1a028ba8fdd5469b163e04011def47.
Using template $paramod$c96def1cdcef2eee3c62e5dfb7ba2dd09c9f74dd\_90_pmux for cells of type $pmux.
Using template $paramod$2653f68ddb8eab7b1907b4a20767b72a824a7a36\_90_alu for cells of type $alu.
No more expansions possible.
<suppressed ~2730 debug messages>

22. Executing OPT pass (performing simple optimizations).

22.1. Executing OPT_EXPR pass (perform const folding).
Optimizing module alu.
<suppressed ~251 debug messages>
Optimizing module alu_control.
<suppressed ~105 debug messages>
Optimizing module branch_unit.
<suppressed ~5 debug messages>
Optimizing module control_unit.
<suppressed ~62 debug messages>
Optimizing module data_memory.
<suppressed ~1 debug messages>
Optimizing module immediate_generator.
<suppressed ~77 debug messages>
Optimizing module instruction_decoder.
Optimizing module instruction_memory.
<suppressed ~147 debug messages>
Optimizing module program_counter.
Optimizing module register_file.
<suppressed ~529 debug messages>
Optimizing module riscv_cpu.
<suppressed ~301 debug messages>
Optimizing module top.

22.2. Executing OPT_MERGE pass (detect identical cells).
Finding identical cells in module `\alu'.
<suppressed ~399 debug messages>
Finding identical cells in module `\alu_control'.
<suppressed ~69 debug messages>
Finding identical cells in module `\branch_unit'.
<suppressed ~192 debug messages>
Finding identical cells in module `\control_unit'.
<suppressed ~156 debug messages>
Finding identical cells in module `\data_memory'.
Finding identical cells in module `\immediate_generator'.
<suppressed ~384 debug messages>
Finding identical cells in module `\instruction_decoder'.
Finding identical cells in module `\instruction_memory'.
<suppressed ~486 debug messages>
Finding identical cells in module `\program_counter'.
Finding identical cells in module `\register_file'.
<suppressed ~1323 debug messages>
Finding identical cells in module `\riscv_cpu'.
<suppressed ~120 debug messages>
Finding identical cells in module `\top'.
Removed a total of 1043 cells.

22.3. Executing OPT_MUXTREE pass (detect dead branches in mux trees).
Running muxtree optimizer on module \alu..
  Creating internal representation of mux trees.
  No muxes found in this module.
Running muxtree optimizer on module \alu_control..
  Creating internal representation of mux trees.
  No muxes found in this module.
Running muxtree optimizer on module \branch_unit..
  Creating internal representation of mux trees.
  No muxes found in this module.
Running muxtree optimizer on module \control_unit..
  Creating internal representation of mux trees.
  No muxes found in this module.
Running muxtree optimizer on module \data_memory..
  Creating internal representation of mux trees.
  No muxes found in this module.
Running muxtree optimizer on module \immediate_generator..
  Creating internal representation of mux trees.
  No muxes found in this module.
Running muxtree optimizer on module \instruction_decoder..
  Creating internal representation of mux trees.
  No muxes found in this module.
Running muxtree optimizer on module \instruction_memory..
  Creating internal representation of mux trees.
  No muxes found in this module.
Running muxtree optimizer on module \program_counter..
  Creating internal representation of mux trees.
  No muxes found in this module.
Running muxtree optimizer on module \register_file..
  Creating internal representation of mux trees.
  No muxes found in this module.
Running muxtree optimizer on module \riscv_cpu..
  Creating internal representation of mux trees.
  No muxes found in this module.
Running muxtree optimizer on module \top..
  Creating internal representation of mux trees.
  No muxes found in this module.
Removed 0 multiplexer ports.

22.4. Executing OPT_REDUCE pass (consolidate $*mux and $reduce_* inputs).
  Optimizing cells in module \alu.
  Optimizing cells in module \alu_control.
  Optimizing cells in module \branch_unit.
  Optimizing cells in module \control_unit.
  Optimizing cells in module \data_memory.
  Optimizing cells in module \immediate_generator.
  Optimizing cells in module \instruction_decoder.
  Optimizing cells in module \instruction_memory.
  Optimizing cells in module \program_counter.
  Optimizing cells in module \register_file.
  Optimizing cells in module \riscv_cpu.
  Optimizing cells in module \top.
Performed a total of 0 changes.

22.5. Executing OPT_MERGE pass (detect identical cells).
Finding identical cells in module `\alu'.
Finding identical cells in module `\alu_control'.
Finding identical cells in module `\branch_unit'.
Finding identical cells in module `\control_unit'.
Finding identical cells in module `\data_memory'.
Finding identical cells in module `\immediate_generator'.
Finding identical cells in module `\instruction_decoder'.
Finding identical cells in module `\instruction_memory'.
Finding identical cells in module `\program_counter'.
Finding identical cells in module `\register_file'.
Finding identical cells in module `\riscv_cpu'.
Finding identical cells in module `\top'.
Removed a total of 0 cells.

22.6. Executing OPT_DFF pass (perform DFF optimizations).

22.7. Executing OPT_CLEAN pass (remove unused cells and wires).
Finding unused cells or wires in module \alu..
Finding unused cells or wires in module \alu_control..
Finding unused cells or wires in module \branch_unit..
Finding unused cells or wires in module \control_unit..
Finding unused cells or wires in module \data_memory..
Finding unused cells or wires in module \immediate_generator..
Finding unused cells or wires in module \instruction_decoder..
Finding unused cells or wires in module \instruction_memory..
Finding unused cells or wires in module \program_counter..
Finding unused cells or wires in module \register_file..
Finding unused cells or wires in module \riscv_cpu..
Finding unused cells or wires in module \top..
Removed 160 unused cells and 1708 unused wires.
<suppressed ~169 debug messages>

22.8. Executing OPT_EXPR pass (perform const folding).
Optimizing module alu.
Optimizing module alu_control.
Optimizing module branch_unit.
Optimizing module control_unit.
Optimizing module data_memory.
Optimizing module immediate_generator.
Optimizing module instruction_decoder.
Optimizing module instruction_memory.
<suppressed ~6 debug messages>
Optimizing module program_counter.
Optimizing module register_file.
Optimizing module riscv_cpu.
Optimizing module top.

22.9. Rerunning OPT passes. (Maybe there is more to do..)

22.10. Executing OPT_MUXTREE pass (detect dead branches in mux trees).
Running muxtree optimizer on module \alu..
  Creating internal representation of mux trees.
  No muxes found in this module.
Running muxtree optimizer on module \alu_control..
  Creating internal representation of mux trees.
  No muxes found in this module.
Running muxtree optimizer on module \branch_unit..
  Creating internal representation of mux trees.
  No muxes found in this module.
Running muxtree optimizer on module \control_unit..
  Creating internal representation of mux trees.
  No muxes found in this module.
Running muxtree optimizer on module \data_memory..
  Creating internal representation of mux trees.
  No muxes found in this module.
Running muxtree optimizer on module \immediate_generator..
  Creating internal representation of mux trees.
  No muxes found in this module.
Running muxtree optimizer on module \instruction_decoder..
  Creating internal representation of mux trees.
  No muxes found in this module.
Running muxtree optimizer on module \instruction_memory..
  Creating internal representation of mux trees.
  No muxes found in this module.
Running muxtree optimizer on module \program_counter..
  Creating internal representation of mux trees.
  No muxes found in this module.
Running muxtree optimizer on module \register_file..
  Creating internal representation of mux trees.
  No muxes found in this module.
Running muxtree optimizer on module \riscv_cpu..
  Creating internal representation of mux trees.
  No muxes found in this module.
Running muxtree optimizer on module \top..
  Creating internal representation of mux trees.
  No muxes found in this module.
Removed 0 multiplexer ports.

22.11. Executing OPT_REDUCE pass (consolidate $*mux and $reduce_* inputs).
  Optimizing cells in module \alu.
  Optimizing cells in module \alu_control.
  Optimizing cells in module \branch_unit.
  Optimizing cells in module \control_unit.
  Optimizing cells in module \data_memory.
  Optimizing cells in module \immediate_generator.
  Optimizing cells in module \instruction_decoder.
  Optimizing cells in module \instruction_memory.
  Optimizing cells in module \program_counter.
  Optimizing cells in module \register_file.
  Optimizing cells in module \riscv_cpu.
  Optimizing cells in module \top.
Performed a total of 0 changes.

22.12. Executing OPT_MERGE pass (detect identical cells).
Finding identical cells in module `\alu'.
Finding identical cells in module `\alu_control'.
Finding identical cells in module `\branch_unit'.
Finding identical cells in module `\control_unit'.
Finding identical cells in module `\data_memory'.
Finding identical cells in module `\immediate_generator'.
Finding identical cells in module `\instruction_decoder'.
Finding identical cells in module `\instruction_memory'.
Finding identical cells in module `\program_counter'.
Finding identical cells in module `\register_file'.
Finding identical cells in module `\riscv_cpu'.
Finding identical cells in module `\top'.
Removed a total of 0 cells.

22.13. Executing OPT_DFF pass (perform DFF optimizations).

22.14. Executing OPT_CLEAN pass (remove unused cells and wires).
Finding unused cells or wires in module \alu..
Finding unused cells or wires in module \alu_control..
Finding unused cells or wires in module \branch_unit..
Finding unused cells or wires in module \control_unit..
Finding unused cells or wires in module \data_memory..
Finding unused cells or wires in module \immediate_generator..
Finding unused cells or wires in module \instruction_decoder..
Finding unused cells or wires in module \instruction_memory..
Finding unused cells or wires in module \program_counter..
Finding unused cells or wires in module \register_file..
Finding unused cells or wires in module \riscv_cpu..
Finding unused cells or wires in module \top..
Removed 0 unused cells and 1 unused wires.
<suppressed ~1 debug messages>

22.15. Executing OPT_EXPR pass (perform const folding).
Optimizing module alu.
Optimizing module alu_control.
Optimizing module branch_unit.
Optimizing module control_unit.
Optimizing module data_memory.
Optimizing module immediate_generator.
Optimizing module instruction_decoder.
Optimizing module instruction_memory.
Optimizing module program_counter.
Optimizing module register_file.
Optimizing module riscv_cpu.
Optimizing module top.

22.16. Rerunning OPT passes. (Maybe there is more to do..)

22.17. Executing OPT_MUXTREE pass (detect dead branches in mux trees).
Running muxtree optimizer on module \alu..
  Creating internal representation of mux trees.
  No muxes found in this module.
Running muxtree optimizer on module \alu_control..
  Creating internal representation of mux trees.
  No muxes found in this module.
Running muxtree optimizer on module \branch_unit..
  Creating internal representation of mux trees.
  No muxes found in this module.
Running muxtree optimizer on module \control_unit..
  Creating internal representation of mux trees.
  No muxes found in this module.
Running muxtree optimizer on module \data_memory..
  Creating internal representation of mux trees.
  No muxes found in this module.
Running muxtree optimizer on module \immediate_generator..
  Creating internal representation of mux trees.
  No muxes found in this module.
Running muxtree optimizer on module \instruction_decoder..
  Creating internal representation of mux trees.
  No muxes found in this module.
Running muxtree optimizer on module \instruction_memory..
  Creating internal representation of mux trees.
  No muxes found in this module.
Running muxtree optimizer on module \program_counter..
  Creating internal representation of mux trees.
  No muxes found in this module.
Running muxtree optimizer on module \register_file..
  Creating internal representation of mux trees.
  No muxes found in this module.
Running muxtree optimizer on module \riscv_cpu..
  Creating internal representation of mux trees.
  No muxes found in this module.
Running muxtree optimizer on module \top..
  Creating internal representation of mux trees.
  No muxes found in this module.
Removed 0 multiplexer ports.

22.18. Executing OPT_REDUCE pass (consolidate $*mux and $reduce_* inputs).
  Optimizing cells in module \alu.
  Optimizing cells in module \alu_control.
  Optimizing cells in module \branch_unit.
  Optimizing cells in module \control_unit.
  Optimizing cells in module \data_memory.
  Optimizing cells in module \immediate_generator.
  Optimizing cells in module \instruction_decoder.
  Optimizing cells in module \instruction_memory.
  Optimizing cells in module \program_counter.
  Optimizing cells in module \register_file.
  Optimizing cells in module \riscv_cpu.
  Optimizing cells in module \top.
Performed a total of 0 changes.

22.19. Executing OPT_MERGE pass (detect identical cells).
Finding identical cells in module `\alu'.
Finding identical cells in module `\alu_control'.
Finding identical cells in module `\branch_unit'.
Finding identical cells in module `\control_unit'.
Finding identical cells in module `\data_memory'.
Finding identical cells in module `\immediate_generator'.
Finding identical cells in module `\instruction_decoder'.
Finding identical cells in module `\instruction_memory'.
Finding identical cells in module `\program_counter'.
Finding identical cells in module `\register_file'.
Finding identical cells in module `\riscv_cpu'.
Finding identical cells in module `\top'.
Removed a total of 0 cells.

22.20. Executing OPT_DFF pass (perform DFF optimizations).

22.21. Executing OPT_CLEAN pass (remove unused cells and wires).
Finding unused cells or wires in module \alu..
Finding unused cells or wires in module \alu_control..
Finding unused cells or wires in module \branch_unit..
Finding unused cells or wires in module \control_unit..
Finding unused cells or wires in module \data_memory..
Finding unused cells or wires in module \immediate_generator..
Finding unused cells or wires in module \instruction_decoder..
Finding unused cells or wires in module \instruction_memory..
Finding unused cells or wires in module \program_counter..
Finding unused cells or wires in module \register_file..
Finding unused cells or wires in module \riscv_cpu..
Finding unused cells or wires in module \top..

22.22. Executing OPT_EXPR pass (perform const folding).
Optimizing module alu.
Optimizing module alu_control.
Optimizing module branch_unit.
Optimizing module control_unit.
Optimizing module data_memory.
Optimizing module immediate_generator.
Optimizing module instruction_decoder.
Optimizing module instruction_memory.
Optimizing module program_counter.
Optimizing module register_file.
Optimizing module riscv_cpu.
Optimizing module top.

22.23. Finished OPT passes. (There is nothing left to do.)

23. Executing DFFLIBMAP pass (mapping DFF cells to sequential cells from liberty file).
Warning: Found unsupported expression 'SE*SI+D*!SE' in pin attribute of cell 'SDFFRS_X1' - skipping.
Warning: Found unsupported expression 'SE*SI+D*!SE' in pin attribute of cell 'SDFFRS_X2' - skipping.
Warning: Found unsupported expression 'SE*SI+D*!SE' in pin attribute of cell 'SDFFR_X1' - skipping.
Warning: Found unsupported expression 'SE*SI+D*!SE' in pin attribute of cell 'SDFFR_X2' - skipping.
Warning: Found unsupported expression 'SE*SI+D*!SE' in pin attribute of cell 'SDFFS_X1' - skipping.
Warning: Found unsupported expression 'SE*SI+D*!SE' in pin attribute of cell 'SDFFS_X2' - skipping.
Warning: Found unsupported expression 'SE*SI+D*!SE' in pin attribute of cell 'SDFF_X1' - skipping.
Warning: Found unsupported expression 'SE*SI+D*!SE' in pin attribute of cell 'SDFF_X2' - skipping.
  cell DFF_X1 (noninv, pins=4, area=4.52) is a direct match for cell type $_DFF_P_.
Warning: Found unsupported expression 'SE*SI+D*!SE' in pin attribute of cell 'SDFFRS_X1' - skipping.
Warning: Found unsupported expression 'SE*SI+D*!SE' in pin attribute of cell 'SDFFRS_X2' - skipping.
Warning: Found unsupported expression 'SE*SI+D*!SE' in pin attribute of cell 'SDFFR_X1' - skipping.
Warning: Found unsupported expression 'SE*SI+D*!SE' in pin attribute of cell 'SDFFR_X2' - skipping.
Warning: Found unsupported expression 'SE*SI+D*!SE' in pin attribute of cell 'SDFFS_X1' - skipping.
Warning: Found unsupported expression 'SE*SI+D*!SE' in pin attribute of cell 'SDFFS_X2' - skipping.
Warning: Found unsupported expression 'SE*SI+D*!SE' in pin attribute of cell 'SDFF_X1' - skipping.
Warning: Found unsupported expression 'SE*SI+D*!SE' in pin attribute of cell 'SDFF_X2' - skipping.
  cell DFFR_X1 (noninv, pins=5, area=5.32) is a direct match for cell type $_DFF_PN0_.
Warning: Found unsupported expression 'SE*SI+D*!SE' in pin attribute of cell 'SDFFRS_X1' - skipping.
Warning: Found unsupported expression 'SE*SI+D*!SE' in pin attribute of cell 'SDFFRS_X2' - skipping.
Warning: Found unsupported expression 'SE*SI+D*!SE' in pin attribute of cell 'SDFFR_X1' - skipping.
Warning: Found unsupported expression 'SE*SI+D*!SE' in pin attribute of cell 'SDFFR_X2' - skipping.
Warning: Found unsupported expression 'SE*SI+D*!SE' in pin attribute of cell 'SDFFS_X1' - skipping.
Warning: Found unsupported expression 'SE*SI+D*!SE' in pin attribute of cell 'SDFFS_X2' - skipping.
Warning: Found unsupported expression 'SE*SI+D*!SE' in pin attribute of cell 'SDFF_X1' - skipping.
Warning: Found unsupported expression 'SE*SI+D*!SE' in pin attribute of cell 'SDFF_X2' - skipping.
  cell DFFS_X1 (noninv, pins=5, area=5.32) is a direct match for cell type $_DFF_PN1_.
Warning: Found unsupported expression 'SE*SI+D*!SE' in pin attribute of cell 'SDFFRS_X1' - skipping.
Warning: Found unsupported expression 'SE*SI+D*!SE' in pin attribute of cell 'SDFFRS_X2' - skipping.
Warning: Found unsupported expression 'SE*SI+D*!SE' in pin attribute of cell 'SDFFR_X1' - skipping.
Warning: Found unsupported expression 'SE*SI+D*!SE' in pin attribute of cell 'SDFFR_X2' - skipping.
Warning: Found unsupported expression 'SE*SI+D*!SE' in pin attribute of cell 'SDFFS_X1' - skipping.
Warning: Found unsupported expression 'SE*SI+D*!SE' in pin attribute of cell 'SDFFS_X2' - skipping.
Warning: Found unsupported expression 'SE*SI+D*!SE' in pin attribute of cell 'SDFF_X1' - skipping.
Warning: Found unsupported expression 'SE*SI+D*!SE' in pin attribute of cell 'SDFF_X2' - skipping.
Warning: Found unsupported expression 'SE*SI+D*!SE' in pin attribute of cell 'SDFFRS_X1' - skipping.
Warning: Found unsupported expression 'SE*SI+D*!SE' in pin attribute of cell 'SDFFRS_X2' - skipping.
Warning: Found unsupported expression 'SE*SI+D*!SE' in pin attribute of cell 'SDFFR_X1' - skipping.
Warning: Found unsupported expression 'SE*SI+D*!SE' in pin attribute of cell 'SDFFR_X2' - skipping.
Warning: Found unsupported expression 'SE*SI+D*!SE' in pin attribute of cell 'SDFFS_X1' - skipping.
Warning: Found unsupported expression 'SE*SI+D*!SE' in pin attribute of cell 'SDFFS_X2' - skipping.
Warning: Found unsupported expression 'SE*SI+D*!SE' in pin attribute of cell 'SDFF_X1' - skipping.
Warning: Found unsupported expression 'SE*SI+D*!SE' in pin attribute of cell 'SDFF_X2' - skipping.
Warning: Found unsupported expression 'SE*SI+D*!SE' in pin attribute of cell 'SDFFRS_X1' - skipping.
Warning: Found unsupported expression 'SE*SI+D*!SE' in pin attribute of cell 'SDFFRS_X2' - skipping.
Warning: Found unsupported expression 'SE*SI+D*!SE' in pin attribute of cell 'SDFFR_X1' - skipping.
Warning: Found unsupported expression 'SE*SI+D*!SE' in pin attribute of cell 'SDFFR_X2' - skipping.
Warning: Found unsupported expression 'SE*SI+D*!SE' in pin attribute of cell 'SDFFS_X1' - skipping.
Warning: Found unsupported expression 'SE*SI+D*!SE' in pin attribute of cell 'SDFFS_X2' - skipping.
Warning: Found unsupported expression 'SE*SI+D*!SE' in pin attribute of cell 'SDFF_X1' - skipping.
Warning: Found unsupported expression 'SE*SI+D*!SE' in pin attribute of cell 'SDFF_X2' - skipping.
  cell DFFRS_X1 (noninv, pins=6, area=6.38) is a direct match for cell type $_DFFSR_PNN_.
Warning: Found unsupported expression 'SE*SI+D*!SE' in pin attribute of cell 'SDFFRS_X1' - skipping.
Warning: Found unsupported expression 'SE*SI+D*!SE' in pin attribute of cell 'SDFFRS_X2' - skipping.
Warning: Found unsupported expression 'SE*SI+D*!SE' in pin attribute of cell 'SDFFR_X1' - skipping.
Warning: Found unsupported expression 'SE*SI+D*!SE' in pin attribute of cell 'SDFFR_X2' - skipping.
Warning: Found unsupported expression 'SE*SI+D*!SE' in pin attribute of cell 'SDFFS_X1' - skipping.
Warning: Found unsupported expression 'SE*SI+D*!SE' in pin attribute of cell 'SDFFS_X2' - skipping.
Warning: Found unsupported expression 'SE*SI+D*!SE' in pin attribute of cell 'SDFF_X1' - skipping.
Warning: Found unsupported expression 'SE*SI+D*!SE' in pin attribute of cell 'SDFF_X2' - skipping.
Warning: Found unsupported expression 'SE*SI+D*!SE' in pin attribute of cell 'SDFFRS_X1' - skipping.
Warning: Found unsupported expression 'SE*SI+D*!SE' in pin attribute of cell 'SDFFRS_X2' - skipping.
Warning: Found unsupported expression 'SE*SI+D*!SE' in pin attribute of cell 'SDFFR_X1' - skipping.
Warning: Found unsupported expression 'SE*SI+D*!SE' in pin attribute of cell 'SDFFR_X2' - skipping.
Warning: Found unsupported expression 'SE*SI+D*!SE' in pin attribute of cell 'SDFFS_X1' - skipping.
Warning: Found unsupported expression 'SE*SI+D*!SE' in pin attribute of cell 'SDFFS_X2' - skipping.
Warning: Found unsupported expression 'SE*SI+D*!SE' in pin attribute of cell 'SDFF_X1' - skipping.
Warning: Found unsupported expression 'SE*SI+D*!SE' in pin attribute of cell 'SDFF_X2' - skipping.
Warning: Found unsupported expression 'SE*SI+D*!SE' in pin attribute of cell 'SDFFRS_X1' - skipping.
Warning: Found unsupported expression 'SE*SI+D*!SE' in pin attribute of cell 'SDFFRS_X2' - skipping.
Warning: Found unsupported expression 'SE*SI+D*!SE' in pin attribute of cell 'SDFFR_X1' - skipping.
Warning: Found unsupported expression 'SE*SI+D*!SE' in pin attribute of cell 'SDFFR_X2' - skipping.
Warning: Found unsupported expression 'SE*SI+D*!SE' in pin attribute of cell 'SDFFS_X1' - skipping.
Warning: Found unsupported expression 'SE*SI+D*!SE' in pin attribute of cell 'SDFFS_X2' - skipping.
Warning: Found unsupported expression 'SE*SI+D*!SE' in pin attribute of cell 'SDFF_X1' - skipping.
Warning: Found unsupported expression 'SE*SI+D*!SE' in pin attribute of cell 'SDFF_X2' - skipping.
  final dff cell mappings:
    unmapped dff cell: $_DFF_N_
    \DFF_X1 _DFF_P_ (.CK( C), .D( D), .Q( Q), .QN(~Q));
    unmapped dff cell: $_DFF_NN0_
    unmapped dff cell: $_DFF_NN1_
    unmapped dff cell: $_DFF_NP0_
    unmapped dff cell: $_DFF_NP1_
    \DFFR_X1 _DFF_PN0_ (.CK( C), .D( D), .Q( Q), .QN(~Q), .RN( R));
    \DFFS_X1 _DFF_PN1_ (.CK( C), .D( D), .Q( Q), .QN(~Q), .SN( R));
    unmapped dff cell: $_DFF_PP0_
    unmapped dff cell: $_DFF_PP1_
    unmapped dff cell: $_DFFSR_NNN_
    unmapped dff cell: $_DFFSR_NNP_
    unmapped dff cell: $_DFFSR_NPN_
    unmapped dff cell: $_DFFSR_NPP_
    \DFFRS_X1 _DFFSR_PNN_ (.CK( C), .D( D), .Q( Q), .QN(~Q), .RN( R), .SN( S));
    unmapped dff cell: $_DFFSR_PNP_
    unmapped dff cell: $_DFFSR_PPN_
    unmapped dff cell: $_DFFSR_PPP_

23.1. Executing DFFLEGALIZE pass (convert FFs to types supported by the target).
Mapping DFF cells in module `\alu':
Mapping DFF cells in module `\alu_control':
Mapping DFF cells in module `\branch_unit':
Mapping DFF cells in module `\control_unit':
Mapping DFF cells in module `\data_memory':
  mapped 8192 $_DFF_P_ cells to \DFF_X1 cells.
Mapping DFF cells in module `\immediate_generator':
Mapping DFF cells in module `\instruction_decoder':
Mapping DFF cells in module `\instruction_memory':
Mapping DFF cells in module `\program_counter':
  mapped 32 $_DFF_PN0_ cells to \DFFR_X1 cells.
Mapping DFF cells in module `\register_file':
  mapped 992 $_DFF_PN0_ cells to \DFFR_X1 cells.
Mapping DFF cells in module `\riscv_cpu':
Mapping DFF cells in module `\top':

24. Executing ABC pass (technology mapping using ABC).

24.1. Extracting gate netlist of module `\alu' to `<abc-temp-dir>/input.blif'..
Extracted 1090 gates and 1159 wires to a netlist network with 68 inputs and 33 outputs.

24.1.1. Executing ABC.
Running ABC command: "<yosys-exe-dir>/yosys-abc" -s -f <abc-temp-dir>/abc.script 2>&1
ABC: ABC command line: "source <abc-temp-dir>/abc.script".
ABC: 
ABC: + read_blif <abc-temp-dir>/input.blif 
ABC: + read_lib -w /home/piyush/OpenROAD/test/Nangate45/Nangate45_typ.lib 
ABC: Parsing finished successfully.  Parsing time =     0.14 sec
ABC: Scl_LibertyReadGenlib() skipped cell "ANTENNA_X1" due to dont_use attribute.
ABC: Scl_LibertyReadGenlib() skipped cell "CLKGATETST_X1" without logic function.
ABC: Scl_LibertyReadGenlib() skipped cell "CLKGATETST_X2" without logic function.
ABC: Scl_LibertyReadGenlib() skipped cell "CLKGATETST_X4" without logic function.
ABC: Scl_LibertyReadGenlib() skipped cell "CLKGATETST_X8" without logic function.
ABC: Scl_LibertyReadGenlib() skipped cell "CLKGATE_X1" without logic function.
ABC: Scl_LibertyReadGenlib() skipped cell "CLKGATE_X2" without logic function.
ABC: Scl_LibertyReadGenlib() skipped cell "CLKGATE_X4" without logic function.
ABC: Scl_LibertyReadGenlib() skipped cell "CLKGATE_X8" without logic function.
ABC: Scl_LibertyReadGenlib() skipped sequential cell "DFFRS_X1".
ABC: Scl_LibertyReadGenlib() skipped sequential cell "DFFRS_X2".
ABC: Scl_LibertyReadGenlib() skipped sequential cell "DFFR_X1".
ABC: Scl_LibertyReadGenlib() skipped sequential cell "DFFR_X2".
ABC: Scl_LibertyReadGenlib() skipped sequential cell "DFFS_X1".
ABC: Scl_LibertyReadGenlib() skipped sequential cell "DFFS_X2".
ABC: Scl_LibertyReadGenlib() skipped sequential cell "DFF_X1".
ABC: Scl_LibertyReadGenlib() skipped sequential cell "DFF_X2".
ABC: Scl_LibertyReadGenlib() skipped sequential cell "DLH_X1".
ABC: Scl_LibertyReadGenlib() skipped sequential cell "DLH_X2".
ABC: Scl_LibertyReadGenlib() skipped sequential cell "DLL_X1".
ABC: Scl_LibertyReadGenlib() skipped sequential cell "DLL_X2".
ABC: Scl_LibertyReadGenlib() skipped cell "FILLCELL_X1" due to dont_use attribute.
ABC: Scl_LibertyReadGenlib() skipped cell "FILLCELL_X2" due to dont_use attribute.
ABC: Scl_LibertyReadGenlib() skipped cell "FILLCELL_X4" due to dont_use attribute.
ABC: Scl_LibertyReadGenlib() skipped cell "FILLCELL_X8" due to dont_use attribute.
ABC: Scl_LibertyReadGenlib() skipped cell "FILLCELL_X16" due to dont_use attribute.
ABC: Scl_LibertyReadGenlib() skipped cell "FILLCELL_X32" due to dont_use attribute.
ABC: Scl_LibertyReadGenlib() skipped cell "LOGIC0_X1" due to dont_use attribute.
ABC: Scl_LibertyReadGenlib() skipped cell "LOGIC1_X1" due to dont_use attribute.
ABC: Scl_LibertyReadGenlib() skipped sequential cell "SDFFRS_X1".
ABC: Scl_LibertyReadGenlib() skipped sequential cell "SDFFRS_X2".
ABC: Scl_LibertyReadGenlib() skipped sequential cell "SDFFR_X1".
ABC: Scl_LibertyReadGenlib() skipped sequential cell "SDFFR_X2".
ABC: Scl_LibertyReadGenlib() skipped sequential cell "SDFFS_X1".
ABC: Scl_LibertyReadGenlib() skipped sequential cell "SDFFS_X2".
ABC: Scl_LibertyReadGenlib() skipped sequential cell "SDFF_X1".
ABC: Scl_LibertyReadGenlib() skipped sequential cell "SDFF_X2".
ABC: Scl_LibertyReadGenlib() skipped three-state cell "TBUF_X1".
ABC: Scl_LibertyReadGenlib() skipped three-state cell "TBUF_X2".
ABC: Scl_LibertyReadGenlib() skipped three-state cell "TBUF_X4".
ABC: Scl_LibertyReadGenlib() skipped three-state cell "TBUF_X8".
ABC: Scl_LibertyReadGenlib() skipped three-state cell "TBUF_X16".
ABC: Scl_LibertyReadGenlib() skipped three-state cell "TINV_X1".
ABC: Scl_LibertyReadGenlib() skipped sequential cell "TLAT_X1".
ABC: Library "NangateOpenCellLibrary" from "/home/piyush/OpenROAD/test/Nangate45/Nangate45_typ.lib" has 90 cells (35 skipped: 21 seq; 6 tri-state; 8 no func; 9 dont_use).  Time =     0.24 sec
ABC: Memory =   11.38 MB. Time =     0.24 sec
ABC: Warning: Detected 2 multi-output gates (for example, "FA_X1").
ABC: + strash 
ABC: + &get -n 
ABC: + &fraig -x 
ABC: + &put 
ABC: + scorr 
ABC: Warning: The network is combinational (run "fraig" or "fraig_sweep").
ABC: + dc2 
ABC: + dretime 
ABC: + strash 
ABC: + &get -n 
ABC: + &dch -f 
ABC: + &nf 
ABC: + &put 
ABC: + write_blif <abc-temp-dir>/output.blif 

24.1.2. Re-integrating ABC results.
ABC RESULTS:          NAND4_X1 cells:        4
ABC RESULTS:            OR2_X1 cells:       11
ABC RESULTS:           AND3_X1 cells:        2
ABC RESULTS:         AOI222_X1 cells:        2
ABC RESULTS:           AND2_X1 cells:       40
ABC RESULTS:            INV_X1 cells:       64
ABC RESULTS:         OAI221_X1 cells:       19
ABC RESULTS:          AOI22_X1 cells:        4
ABC RESULTS:          OAI22_X1 cells:       12
ABC RESULTS:         AOI211_X1 cells:        2
ABC RESULTS:           NOR2_X1 cells:       94
ABC RESULTS:          NAND2_X1 cells:       56
ABC RESULTS:         OAI211_X1 cells:       16
ABC RESULTS:          XNOR2_X1 cells:       28
ABC RESULTS:          AOI21_X1 cells:       52
ABC RESULTS:           XOR2_X1 cells:       21
ABC RESULTS:         AOI221_X1 cells:       25
ABC RESULTS:          OAI21_X1 cells:       83
ABC RESULTS:           NOR3_X1 cells:       13
ABC RESULTS:          NAND3_X1 cells:        8
ABC RESULTS:            OR3_X1 cells:        5
ABC RESULTS:            OR4_X1 cells:        6
ABC RESULTS:           NOR4_X1 cells:        3
ABC RESULTS:        internal signals:     1058
ABC RESULTS:           input signals:       68
ABC RESULTS:          output signals:       33
Removing temp directory.

24.2. Extracting gate netlist of module `\alu_control' to `<abc-temp-dir>/input.blif'..
Extracted 69 gates and 87 wires to a netlist network with 17 inputs and 3 outputs.

24.2.1. Executing ABC.
Running ABC command: "<yosys-exe-dir>/yosys-abc" -s -f <abc-temp-dir>/abc.script 2>&1
ABC: ABC command line: "source <abc-temp-dir>/abc.script".
ABC: 
ABC: + read_blif <abc-temp-dir>/input.blif 
ABC: + read_lib -w /home/piyush/OpenROAD/test/Nangate45/Nangate45_typ.lib 
ABC: Parsing finished successfully.  Parsing time =     0.11 sec
ABC: Scl_LibertyReadGenlib() skipped cell "ANTENNA_X1" due to dont_use attribute.
ABC: Scl_LibertyReadGenlib() skipped cell "CLKGATETST_X1" without logic function.
ABC: Scl_LibertyReadGenlib() skipped cell "CLKGATETST_X2" without logic function.
ABC: Scl_LibertyReadGenlib() skipped cell "CLKGATETST_X4" without logic function.
ABC: Scl_LibertyReadGenlib() skipped cell "CLKGATETST_X8" without logic function.
ABC: Scl_LibertyReadGenlib() skipped cell "CLKGATE_X1" without logic function.
ABC: Scl_LibertyReadGenlib() skipped cell "CLKGATE_X2" without logic function.
ABC: Scl_LibertyReadGenlib() skipped cell "CLKGATE_X4" without logic function.
ABC: Scl_LibertyReadGenlib() skipped cell "CLKGATE_X8" without logic function.
ABC: Scl_LibertyReadGenlib() skipped sequential cell "DFFRS_X1".
ABC: Scl_LibertyReadGenlib() skipped sequential cell "DFFRS_X2".
ABC: Scl_LibertyReadGenlib() skipped sequential cell "DFFR_X1".
ABC: Scl_LibertyReadGenlib() skipped sequential cell "DFFR_X2".
ABC: Scl_LibertyReadGenlib() skipped sequential cell "DFFS_X1".
ABC: Scl_LibertyReadGenlib() skipped sequential cell "DFFS_X2".
ABC: Scl_LibertyReadGenlib() skipped sequential cell "DFF_X1".
ABC: Scl_LibertyReadGenlib() skipped sequential cell "DFF_X2".
ABC: Scl_LibertyReadGenlib() skipped sequential cell "DLH_X1".
ABC: Scl_LibertyReadGenlib() skipped sequential cell "DLH_X2".
ABC: Scl_LibertyReadGenlib() skipped sequential cell "DLL_X1".
ABC: Scl_LibertyReadGenlib() skipped sequential cell "DLL_X2".
ABC: Scl_LibertyReadGenlib() skipped cell "FILLCELL_X1" due to dont_use attribute.
ABC: Scl_LibertyReadGenlib() skipped cell "FILLCELL_X2" due to dont_use attribute.
ABC: Scl_LibertyReadGenlib() skipped cell "FILLCELL_X4" due to dont_use attribute.
ABC: Scl_LibertyReadGenlib() skipped cell "FILLCELL_X8" due to dont_use attribute.
ABC: Scl_LibertyReadGenlib() skipped cell "FILLCELL_X16" due to dont_use attribute.
ABC: Scl_LibertyReadGenlib() skipped cell "FILLCELL_X32" due to dont_use attribute.
ABC: Scl_LibertyReadGenlib() skipped cell "LOGIC0_X1" due to dont_use attribute.
ABC: Scl_LibertyReadGenlib() skipped cell "LOGIC1_X1" due to dont_use attribute.
ABC: Scl_LibertyReadGenlib() skipped sequential cell "SDFFRS_X1".
ABC: Scl_LibertyReadGenlib() skipped sequential cell "SDFFRS_X2".
ABC: Scl_LibertyReadGenlib() skipped sequential cell "SDFFR_X1".
ABC: Scl_LibertyReadGenlib() skipped sequential cell "SDFFR_X2".
ABC: Scl_LibertyReadGenlib() skipped sequential cell "SDFFS_X1".
ABC: Scl_LibertyReadGenlib() skipped sequential cell "SDFFS_X2".
ABC: Scl_LibertyReadGenlib() skipped sequential cell "SDFF_X1".
ABC: Scl_LibertyReadGenlib() skipped sequential cell "SDFF_X2".
ABC: Scl_LibertyReadGenlib() skipped three-state cell "TBUF_X1".
ABC: Scl_LibertyReadGenlib() skipped three-state cell "TBUF_X2".
ABC: Scl_LibertyReadGenlib() skipped three-state cell "TBUF_X4".
ABC: Scl_LibertyReadGenlib() skipped three-state cell "TBUF_X8".
ABC: Scl_LibertyReadGenlib() skipped three-state cell "TBUF_X16".
ABC: Scl_LibertyReadGenlib() skipped three-state cell "TINV_X1".
ABC: Scl_LibertyReadGenlib() skipped sequential cell "TLAT_X1".
ABC: Library "NangateOpenCellLibrary" from "/home/piyush/OpenROAD/test/Nangate45/Nangate45_typ.lib" has 90 cells (35 skipped: 21 seq; 6 tri-state; 8 no func; 9 dont_use).  Time =     0.18 sec
ABC: Memory =   11.38 MB. Time =     0.18 sec
ABC: Warning: Detected 2 multi-output gates (for example, "FA_X1").
ABC: + strash 
ABC: + &get -n 
ABC: + &fraig -x 
ABC: + &put 
ABC: + scorr 
ABC: Warning: The network is combinational (run "fraig" or "fraig_sweep").
ABC: + dc2 
ABC: + dretime 
ABC: + strash 
ABC: + &get -n 
ABC: + &dch -f 
ABC: + &nf 
ABC: + &put 
ABC: + write_blif <abc-temp-dir>/output.blif 

24.2.2. Re-integrating ABC results.
ABC RESULTS:            INV_X1 cells:        3
ABC RESULTS:          NAND2_X1 cells:        1
ABC RESULTS:          NAND3_X1 cells:        1
ABC RESULTS:           NOR4_X1 cells:        1
ABC RESULTS:           NOR3_X1 cells:        2
ABC RESULTS:          NAND4_X1 cells:        2
ABC RESULTS:         OAI211_X1 cells:        1
ABC RESULTS:           AND4_X1 cells:        2
ABC RESULTS:           AND2_X1 cells:        1
ABC RESULTS:          AOI21_X1 cells:        2
ABC RESULTS:           NOR2_X1 cells:        5
ABC RESULTS:        internal signals:       67
ABC RESULTS:           input signals:       17
ABC RESULTS:          output signals:        3
Removing temp directory.

24.3. Extracting gate netlist of module `\branch_unit' to `<abc-temp-dir>/input.blif'..
Extracted 77 gates and 146 wires to a netlist network with 68 inputs and 1 outputs.

24.3.1. Executing ABC.
Running ABC command: "<yosys-exe-dir>/yosys-abc" -s -f <abc-temp-dir>/abc.script 2>&1
ABC: ABC command line: "source <abc-temp-dir>/abc.script".
ABC: 
ABC: + read_blif <abc-temp-dir>/input.blif 
ABC: + read_lib -w /home/piyush/OpenROAD/test/Nangate45/Nangate45_typ.lib 
ABC: Parsing finished successfully.  Parsing time =     0.11 sec
ABC: Scl_LibertyReadGenlib() skipped cell "ANTENNA_X1" due to dont_use attribute.
ABC: Scl_LibertyReadGenlib() skipped cell "CLKGATETST_X1" without logic function.
ABC: Scl_LibertyReadGenlib() skipped cell "CLKGATETST_X2" without logic function.
ABC: Scl_LibertyReadGenlib() skipped cell "CLKGATETST_X4" without logic function.
ABC: Scl_LibertyReadGenlib() skipped cell "CLKGATETST_X8" without logic function.
ABC: Scl_LibertyReadGenlib() skipped cell "CLKGATE_X1" without logic function.
ABC: Scl_LibertyReadGenlib() skipped cell "CLKGATE_X2" without logic function.
ABC: Scl_LibertyReadGenlib() skipped cell "CLKGATE_X4" without logic function.
ABC: Scl_LibertyReadGenlib() skipped cell "CLKGATE_X8" without logic function.
ABC: Scl_LibertyReadGenlib() skipped sequential cell "DFFRS_X1".
ABC: Scl_LibertyReadGenlib() skipped sequential cell "DFFRS_X2".
ABC: Scl_LibertyReadGenlib() skipped sequential cell "DFFR_X1".
ABC: Scl_LibertyReadGenlib() skipped sequential cell "DFFR_X2".
ABC: Scl_LibertyReadGenlib() skipped sequential cell "DFFS_X1".
ABC: Scl_LibertyReadGenlib() skipped sequential cell "DFFS_X2".
ABC: Scl_LibertyReadGenlib() skipped sequential cell "DFF_X1".
ABC: Scl_LibertyReadGenlib() skipped sequential cell "DFF_X2".
ABC: Scl_LibertyReadGenlib() skipped sequential cell "DLH_X1".
ABC: Scl_LibertyReadGenlib() skipped sequential cell "DLH_X2".
ABC: Scl_LibertyReadGenlib() skipped sequential cell "DLL_X1".
ABC: Scl_LibertyReadGenlib() skipped sequential cell "DLL_X2".
ABC: Scl_LibertyReadGenlib() skipped cell "FILLCELL_X1" due to dont_use attribute.
ABC: Scl_LibertyReadGenlib() skipped cell "FILLCELL_X2" due to dont_use attribute.
ABC: Scl_LibertyReadGenlib() skipped cell "FILLCELL_X4" due to dont_use attribute.
ABC: Scl_LibertyReadGenlib() skipped cell "FILLCELL_X8" due to dont_use attribute.
ABC: Scl_LibertyReadGenlib() skipped cell "FILLCELL_X16" due to dont_use attribute.
ABC: Scl_LibertyReadGenlib() skipped cell "FILLCELL_X32" due to dont_use attribute.
ABC: Scl_LibertyReadGenlib() skipped cell "LOGIC0_X1" due to dont_use attribute.
ABC: Scl_LibertyReadGenlib() skipped cell "LOGIC1_X1" due to dont_use attribute.
ABC: Scl_LibertyReadGenlib() skipped sequential cell "SDFFRS_X1".
ABC: Scl_LibertyReadGenlib() skipped sequential cell "SDFFRS_X2".
ABC: Scl_LibertyReadGenlib() skipped sequential cell "SDFFR_X1".
ABC: Scl_LibertyReadGenlib() skipped sequential cell "SDFFR_X2".
ABC: Scl_LibertyReadGenlib() skipped sequential cell "SDFFS_X1".
ABC: Scl_LibertyReadGenlib() skipped sequential cell "SDFFS_X2".
ABC: Scl_LibertyReadGenlib() skipped sequential cell "SDFF_X1".
ABC: Scl_LibertyReadGenlib() skipped sequential cell "SDFF_X2".
ABC: Scl_LibertyReadGenlib() skipped three-state cell "TBUF_X1".
ABC: Scl_LibertyReadGenlib() skipped three-state cell "TBUF_X2".
ABC: Scl_LibertyReadGenlib() skipped three-state cell "TBUF_X4".
ABC: Scl_LibertyReadGenlib() skipped three-state cell "TBUF_X8".
ABC: Scl_LibertyReadGenlib() skipped three-state cell "TBUF_X16".
ABC: Scl_LibertyReadGenlib() skipped three-state cell "TINV_X1".
ABC: Scl_LibertyReadGenlib() skipped sequential cell "TLAT_X1".
ABC: Library "NangateOpenCellLibrary" from "/home/piyush/OpenROAD/test/Nangate45/Nangate45_typ.lib" has 90 cells (35 skipped: 21 seq; 6 tri-state; 8 no func; 9 dont_use).  Time =     0.18 sec
ABC: Memory =   11.38 MB. Time =     0.18 sec
ABC: Warning: Detected 2 multi-output gates (for example, "FA_X1").
ABC: + strash 
ABC: + &get -n 
ABC: + &fraig -x 
ABC: + &put 
ABC: + scorr 
ABC: Warning: The network is combinational (run "fraig" or "fraig_sweep").
ABC: + dc2 
ABC: + dretime 
ABC: + strash 
ABC: + &get -n 
ABC: + &dch -f 
ABC: + &nf 
ABC: + &put 
ABC: + write_blif <abc-temp-dir>/output.blif 

24.3.2. Re-integrating ABC results.
ABC RESULTS:           XOR2_X1 cells:       32
ABC RESULTS:           NOR4_X1 cells:        8
ABC RESULTS:          NAND4_X1 cells:        2
ABC RESULTS:            OR3_X1 cells:        1
ABC RESULTS:          OAI21_X1 cells:        1
ABC RESULTS:           NOR2_X1 cells:        1
ABC RESULTS:          NAND2_X1 cells:        1
ABC RESULTS:          AOI21_X1 cells:        1
ABC RESULTS:        internal signals:       77
ABC RESULTS:           input signals:       68
ABC RESULTS:          output signals:        1
Removing temp directory.

24.4. Extracting gate netlist of module `\control_unit' to `<abc-temp-dir>/input.blif'..
Extracted 48 gates and 55 wires to a netlist network with 7 inputs and 6 outputs.

24.4.1. Executing ABC.
Running ABC command: "<yosys-exe-dir>/yosys-abc" -s -f <abc-temp-dir>/abc.script 2>&1
ABC: ABC command line: "source <abc-temp-dir>/abc.script".
ABC: 
ABC: + read_blif <abc-temp-dir>/input.blif 
ABC: + read_lib -w /home/piyush/OpenROAD/test/Nangate45/Nangate45_typ.lib 
ABC: Parsing finished successfully.  Parsing time =     0.11 sec
ABC: Scl_LibertyReadGenlib() skipped cell "ANTENNA_X1" due to dont_use attribute.
ABC: Scl_LibertyReadGenlib() skipped cell "CLKGATETST_X1" without logic function.
ABC: Scl_LibertyReadGenlib() skipped cell "CLKGATETST_X2" without logic function.
ABC: Scl_LibertyReadGenlib() skipped cell "CLKGATETST_X4" without logic function.
ABC: Scl_LibertyReadGenlib() skipped cell "CLKGATETST_X8" without logic function.
ABC: Scl_LibertyReadGenlib() skipped cell "CLKGATE_X1" without logic function.
ABC: Scl_LibertyReadGenlib() skipped cell "CLKGATE_X2" without logic function.
ABC: Scl_LibertyReadGenlib() skipped cell "CLKGATE_X4" without logic function.
ABC: Scl_LibertyReadGenlib() skipped cell "CLKGATE_X8" without logic function.
ABC: Scl_LibertyReadGenlib() skipped sequential cell "DFFRS_X1".
ABC: Scl_LibertyReadGenlib() skipped sequential cell "DFFRS_X2".
ABC: Scl_LibertyReadGenlib() skipped sequential cell "DFFR_X1".
ABC: Scl_LibertyReadGenlib() skipped sequential cell "DFFR_X2".
ABC: Scl_LibertyReadGenlib() skipped sequential cell "DFFS_X1".
ABC: Scl_LibertyReadGenlib() skipped sequential cell "DFFS_X2".
ABC: Scl_LibertyReadGenlib() skipped sequential cell "DFF_X1".
ABC: Scl_LibertyReadGenlib() skipped sequential cell "DFF_X2".
ABC: Scl_LibertyReadGenlib() skipped sequential cell "DLH_X1".
ABC: Scl_LibertyReadGenlib() skipped sequential cell "DLH_X2".
ABC: Scl_LibertyReadGenlib() skipped sequential cell "DLL_X1".
ABC: Scl_LibertyReadGenlib() skipped sequential cell "DLL_X2".
ABC: Scl_LibertyReadGenlib() skipped cell "FILLCELL_X1" due to dont_use attribute.
ABC: Scl_LibertyReadGenlib() skipped cell "FILLCELL_X2" due to dont_use attribute.
ABC: Scl_LibertyReadGenlib() skipped cell "FILLCELL_X4" due to dont_use attribute.
ABC: Scl_LibertyReadGenlib() skipped cell "FILLCELL_X8" due to dont_use attribute.
ABC: Scl_LibertyReadGenlib() skipped cell "FILLCELL_X16" due to dont_use attribute.
ABC: Scl_LibertyReadGenlib() skipped cell "FILLCELL_X32" due to dont_use attribute.
ABC: Scl_LibertyReadGenlib() skipped cell "LOGIC0_X1" due to dont_use attribute.
ABC: Scl_LibertyReadGenlib() skipped cell "LOGIC1_X1" due to dont_use attribute.
ABC: Scl_LibertyReadGenlib() skipped sequential cell "SDFFRS_X1".
ABC: Scl_LibertyReadGenlib() skipped sequential cell "SDFFRS_X2".
ABC: Scl_LibertyReadGenlib() skipped sequential cell "SDFFR_X1".
ABC: Scl_LibertyReadGenlib() skipped sequential cell "SDFFR_X2".
ABC: Scl_LibertyReadGenlib() skipped sequential cell "SDFFS_X1".
ABC: Scl_LibertyReadGenlib() skipped sequential cell "SDFFS_X2".
ABC: Scl_LibertyReadGenlib() skipped sequential cell "SDFF_X1".
ABC: Scl_LibertyReadGenlib() skipped sequential cell "SDFF_X2".
ABC: Scl_LibertyReadGenlib() skipped three-state cell "TBUF_X1".
ABC: Scl_LibertyReadGenlib() skipped three-state cell "TBUF_X2".
ABC: Scl_LibertyReadGenlib() skipped three-state cell "TBUF_X4".
ABC: Scl_LibertyReadGenlib() skipped three-state cell "TBUF_X8".
ABC: Scl_LibertyReadGenlib() skipped three-state cell "TBUF_X16".
ABC: Scl_LibertyReadGenlib() skipped three-state cell "TINV_X1".
ABC: Scl_LibertyReadGenlib() skipped sequential cell "TLAT_X1".
ABC: Library "NangateOpenCellLibrary" from "/home/piyush/OpenROAD/test/Nangate45/Nangate45_typ.lib" has 90 cells (35 skipped: 21 seq; 6 tri-state; 8 no func; 9 dont_use).  Time =     0.17 sec
ABC: Memory =   11.38 MB. Time =     0.17 sec
ABC: Warning: Detected 2 multi-output gates (for example, "FA_X1").
ABC: + strash 
ABC: + &get -n 
ABC: + &fraig -x 
ABC: + &put 
ABC: + scorr 
ABC: Warning: The network is combinational (run "fraig" or "fraig_sweep").
ABC: + dc2 
ABC: + dretime 
ABC: + strash 
ABC: + &get -n 
ABC: + &dch -f 
ABC: + &nf 
ABC: + &put 
ABC: + write_blif <abc-temp-dir>/output.blif 

24.4.2. Re-integrating ABC results.
ABC RESULTS:            INV_X1 cells:        4
ABC RESULTS:          NAND4_X1 cells:        1
ABC RESULTS:           NOR4_X1 cells:        2
ABC RESULTS:          NAND3_X1 cells:        1
ABC RESULTS:          NAND2_X1 cells:        1
ABC RESULTS:          OAI33_X1 cells:        1
ABC RESULTS:            OR2_X1 cells:        1
ABC RESULTS:           NOR3_X1 cells:        2
ABC RESULTS:            OR3_X1 cells:        2
ABC RESULTS:           NOR2_X1 cells:        1
ABC RESULTS:        internal signals:       42
ABC RESULTS:           input signals:        7
ABC RESULTS:          output signals:        6
Removing temp directory.

24.5. Extracting gate netlist of module `\data_memory' to `<abc-temp-dir>/input.blif'..
Extracted 16992 gates and 25228 wires to a netlist network with 8234 inputs and 8224 outputs.

24.5.1. Executing ABC.
Running ABC command: "<yosys-exe-dir>/yosys-abc" -s -f <abc-temp-dir>/abc.script 2>&1
ABC: ABC command line: "source <abc-temp-dir>/abc.script".
ABC: 
ABC: + read_blif <abc-temp-dir>/input.blif 
ABC: + read_lib -w /home/piyush/OpenROAD/test/Nangate45/Nangate45_typ.lib 
ABC: Parsing finished successfully.  Parsing time =     0.10 sec
ABC: Scl_LibertyReadGenlib() skipped cell "ANTENNA_X1" due to dont_use attribute.
ABC: Scl_LibertyReadGenlib() skipped cell "CLKGATETST_X1" without logic function.
ABC: Scl_LibertyReadGenlib() skipped cell "CLKGATETST_X2" without logic function.
ABC: Scl_LibertyReadGenlib() skipped cell "CLKGATETST_X4" without logic function.
ABC: Scl_LibertyReadGenlib() skipped cell "CLKGATETST_X8" without logic function.
ABC: Scl_LibertyReadGenlib() skipped cell "CLKGATE_X1" without logic function.
ABC: Scl_LibertyReadGenlib() skipped cell "CLKGATE_X2" without logic function.
ABC: Scl_LibertyReadGenlib() skipped cell "CLKGATE_X4" without logic function.
ABC: Scl_LibertyReadGenlib() skipped cell "CLKGATE_X8" without logic function.
ABC: Scl_LibertyReadGenlib() skipped sequential cell "DFFRS_X1".
ABC: Scl_LibertyReadGenlib() skipped sequential cell "DFFRS_X2".
ABC: Scl_LibertyReadGenlib() skipped sequential cell "DFFR_X1".
ABC: Scl_LibertyReadGenlib() skipped sequential cell "DFFR_X2".
ABC: Scl_LibertyReadGenlib() skipped sequential cell "DFFS_X1".
ABC: Scl_LibertyReadGenlib() skipped sequential cell "DFFS_X2".
ABC: Scl_LibertyReadGenlib() skipped sequential cell "DFF_X1".
ABC: Scl_LibertyReadGenlib() skipped sequential cell "DFF_X2".
ABC: Scl_LibertyReadGenlib() skipped sequential cell "DLH_X1".
ABC: Scl_LibertyReadGenlib() skipped sequential cell "DLH_X2".
ABC: Scl_LibertyReadGenlib() skipped sequential cell "DLL_X1".
ABC: Scl_LibertyReadGenlib() skipped sequential cell "DLL_X2".
ABC: Scl_LibertyReadGenlib() skipped cell "FILLCELL_X1" due to dont_use attribute.
ABC: Scl_LibertyReadGenlib() skipped cell "FILLCELL_X2" due to dont_use attribute.
ABC: Scl_LibertyReadGenlib() skipped cell "FILLCELL_X4" due to dont_use attribute.
ABC: Scl_LibertyReadGenlib() skipped cell "FILLCELL_X8" due to dont_use attribute.
ABC: Scl_LibertyReadGenlib() skipped cell "FILLCELL_X16" due to dont_use attribute.
ABC: Scl_LibertyReadGenlib() skipped cell "FILLCELL_X32" due to dont_use attribute.
ABC: Scl_LibertyReadGenlib() skipped cell "LOGIC0_X1" due to dont_use attribute.
ABC: Scl_LibertyReadGenlib() skipped cell "LOGIC1_X1" due to dont_use attribute.
ABC: Scl_LibertyReadGenlib() skipped sequential cell "SDFFRS_X1".
ABC: Scl_LibertyReadGenlib() skipped sequential cell "SDFFRS_X2".
ABC: Scl_LibertyReadGenlib() skipped sequential cell "SDFFR_X1".
ABC: Scl_LibertyReadGenlib() skipped sequential cell "SDFFR_X2".
ABC: Scl_LibertyReadGenlib() skipped sequential cell "SDFFS_X1".
ABC: Scl_LibertyReadGenlib() skipped sequential cell "SDFFS_X2".
ABC: Scl_LibertyReadGenlib() skipped sequential cell "SDFF_X1".
ABC: Scl_LibertyReadGenlib() skipped sequential cell "SDFF_X2".
ABC: Scl_LibertyReadGenlib() skipped three-state cell "TBUF_X1".
ABC: Scl_LibertyReadGenlib() skipped three-state cell "TBUF_X2".
ABC: Scl_LibertyReadGenlib() skipped three-state cell "TBUF_X4".
ABC: Scl_LibertyReadGenlib() skipped three-state cell "TBUF_X8".
ABC: Scl_LibertyReadGenlib() skipped three-state cell "TBUF_X16".
ABC: Scl_LibertyReadGenlib() skipped three-state cell "TINV_X1".
ABC: Scl_LibertyReadGenlib() skipped sequential cell "TLAT_X1".
ABC: Library "NangateOpenCellLibrary" from "/home/piyush/OpenROAD/test/Nangate45/Nangate45_typ.lib" has 90 cells (35 skipped: 21 seq; 6 tri-state; 8 no func; 9 dont_use).  Time =     0.17 sec
ABC: Memory =   11.38 MB. Time =     0.17 sec
ABC: Warning: Detected 2 multi-output gates (for example, "FA_X1").
ABC: + strash 
ABC: + &get -n 
ABC: + &fraig -x 
ABC: + &put 
ABC: + scorr 
ABC: Warning: The network is combinational (run "fraig" or "fraig_sweep").
ABC: + dc2 
ABC: + dretime 
ABC: + strash 
ABC: + &get -n 
ABC: + &dch -f 
ABC: + &nf 
ABC: + &put 
ABC: + write_blif <abc-temp-dir>/output.blif 

24.5.2. Re-integrating ABC results.
ABC RESULTS:            INV_X1 cells:        1
ABC RESULTS:          AOI21_X1 cells:        5
ABC RESULTS:           AND3_X1 cells:        6
ABC RESULTS:          OAI21_X1 cells:        4
ABC RESULTS:            OR3_X1 cells:        1
ABC RESULTS:          NAND2_X1 cells:       37
ABC RESULTS:            OR2_X1 cells:       14
ABC RESULTS:           NOR2_X1 cells:      242
ABC RESULTS:           MUX2_X1 cells:    16352
ABC RESULTS:           AND2_X1 cells:       64
ABC RESULTS:        internal signals:     8770
ABC RESULTS:           input signals:     8234
ABC RESULTS:          output signals:     8224
Removing temp directory.

24.6. Extracting gate netlist of module `\immediate_generator' to `<abc-temp-dir>/input.blif'..
Extracted 246 gates and 279 wires to a netlist network with 32 inputs and 32 outputs.

24.6.1. Executing ABC.
Running ABC command: "<yosys-exe-dir>/yosys-abc" -s -f <abc-temp-dir>/abc.script 2>&1
ABC: ABC command line: "source <abc-temp-dir>/abc.script".
ABC: 
ABC: + read_blif <abc-temp-dir>/input.blif 
ABC: + read_lib -w /home/piyush/OpenROAD/test/Nangate45/Nangate45_typ.lib 
ABC: Parsing finished successfully.  Parsing time =     0.11 sec
ABC: Scl_LibertyReadGenlib() skipped cell "ANTENNA_X1" due to dont_use attribute.
ABC: Scl_LibertyReadGenlib() skipped cell "CLKGATETST_X1" without logic function.
ABC: Scl_LibertyReadGenlib() skipped cell "CLKGATETST_X2" without logic function.
ABC: Scl_LibertyReadGenlib() skipped cell "CLKGATETST_X4" without logic function.
ABC: Scl_LibertyReadGenlib() skipped cell "CLKGATETST_X8" without logic function.
ABC: Scl_LibertyReadGenlib() skipped cell "CLKGATE_X1" without logic function.
ABC: Scl_LibertyReadGenlib() skipped cell "CLKGATE_X2" without logic function.
ABC: Scl_LibertyReadGenlib() skipped cell "CLKGATE_X4" without logic function.
ABC: Scl_LibertyReadGenlib() skipped cell "CLKGATE_X8" without logic function.
ABC: Scl_LibertyReadGenlib() skipped sequential cell "DFFRS_X1".
ABC: Scl_LibertyReadGenlib() skipped sequential cell "DFFRS_X2".
ABC: Scl_LibertyReadGenlib() skipped sequential cell "DFFR_X1".
ABC: Scl_LibertyReadGenlib() skipped sequential cell "DFFR_X2".
ABC: Scl_LibertyReadGenlib() skipped sequential cell "DFFS_X1".
ABC: Scl_LibertyReadGenlib() skipped sequential cell "DFFS_X2".
ABC: Scl_LibertyReadGenlib() skipped sequential cell "DFF_X1".
ABC: Scl_LibertyReadGenlib() skipped sequential cell "DFF_X2".
ABC: Scl_LibertyReadGenlib() skipped sequential cell "DLH_X1".
ABC: Scl_LibertyReadGenlib() skipped sequential cell "DLH_X2".
ABC: Scl_LibertyReadGenlib() skipped sequential cell "DLL_X1".
ABC: Scl_LibertyReadGenlib() skipped sequential cell "DLL_X2".
ABC: Scl_LibertyReadGenlib() skipped cell "FILLCELL_X1" due to dont_use attribute.
ABC: Scl_LibertyReadGenlib() skipped cell "FILLCELL_X2" due to dont_use attribute.
ABC: Scl_LibertyReadGenlib() skipped cell "FILLCELL_X4" due to dont_use attribute.
ABC: Scl_LibertyReadGenlib() skipped cell "FILLCELL_X8" due to dont_use attribute.
ABC: Scl_LibertyReadGenlib() skipped cell "FILLCELL_X16" due to dont_use attribute.
ABC: Scl_LibertyReadGenlib() skipped cell "FILLCELL_X32" due to dont_use attribute.
ABC: Scl_LibertyReadGenlib() skipped cell "LOGIC0_X1" due to dont_use attribute.
ABC: Scl_LibertyReadGenlib() skipped cell "LOGIC1_X1" due to dont_use attribute.
ABC: Scl_LibertyReadGenlib() skipped sequential cell "SDFFRS_X1".
ABC: Scl_LibertyReadGenlib() skipped sequential cell "SDFFRS_X2".
ABC: Scl_LibertyReadGenlib() skipped sequential cell "SDFFR_X1".
ABC: Scl_LibertyReadGenlib() skipped sequential cell "SDFFR_X2".
ABC: Scl_LibertyReadGenlib() skipped sequential cell "SDFFS_X1".
ABC: Scl_LibertyReadGenlib() skipped sequential cell "SDFFS_X2".
ABC: Scl_LibertyReadGenlib() skipped sequential cell "SDFF_X1".
ABC: Scl_LibertyReadGenlib() skipped sequential cell "SDFF_X2".
ABC: Scl_LibertyReadGenlib() skipped three-state cell "TBUF_X1".
ABC: Scl_LibertyReadGenlib() skipped three-state cell "TBUF_X2".
ABC: Scl_LibertyReadGenlib() skipped three-state cell "TBUF_X4".
ABC: Scl_LibertyReadGenlib() skipped three-state cell "TBUF_X8".
ABC: Scl_LibertyReadGenlib() skipped three-state cell "TBUF_X16".
ABC: Scl_LibertyReadGenlib() skipped three-state cell "TINV_X1".
ABC: Scl_LibertyReadGenlib() skipped sequential cell "TLAT_X1".
ABC: Library "NangateOpenCellLibrary" from "/home/piyush/OpenROAD/test/Nangate45/Nangate45_typ.lib" has 90 cells (35 skipped: 21 seq; 6 tri-state; 8 no func; 9 dont_use).  Time =     0.17 sec
ABC: Memory =   11.38 MB. Time =     0.17 sec
ABC: Warning: Detected 2 multi-output gates (for example, "FA_X1").
ABC: + strash 
ABC: + &get -n 
ABC: + &fraig -x 
ABC: + &put 
ABC: + scorr 
ABC: Warning: The network is combinational (run "fraig" or "fraig_sweep").
ABC: + dc2 
ABC: + dretime 
ABC: + strash 
ABC: + &get -n 
ABC: + &dch -f 
ABC: + &nf 
ABC: + &put 
ABC: + write_blif <abc-temp-dir>/output.blif 

24.6.2. Re-integrating ABC results.
ABC RESULTS:            INV_X1 cells:       22
ABC RESULTS:            OR2_X1 cells:        1
ABC RESULTS:           NOR3_X1 cells:        2
ABC RESULTS:          NAND3_X1 cells:        4
ABC RESULTS:          NAND4_X1 cells:        3
ABC RESULTS:           NOR4_X1 cells:        4
ABC RESULTS:           NOR2_X1 cells:       10
ABC RESULTS:          NAND2_X1 cells:       19
ABC RESULTS:          OAI21_X1 cells:       25
ABC RESULTS:        internal signals:      215
ABC RESULTS:           input signals:       32
ABC RESULTS:          output signals:       32
Removing temp directory.

24.7. Extracting gate netlist of module `\instruction_decoder' to `<abc-temp-dir>/input.blif'..
Extracted 0 gates and 0 wires to a netlist network with 0 inputs and 0 outputs.
Don't call ABC as there is nothing to map.
Removing temp directory.

24.8. Extracting gate netlist of module `\instruction_memory' to `<abc-temp-dir>/input.blif'..
Extracted 122 gates and 133 wires to a netlist network with 8 inputs and 16 outputs.

24.8.1. Executing ABC.
Running ABC command: "<yosys-exe-dir>/yosys-abc" -s -f <abc-temp-dir>/abc.script 2>&1
ABC: ABC command line: "source <abc-temp-dir>/abc.script".
ABC: 
ABC: + read_blif <abc-temp-dir>/input.blif 
ABC: + read_lib -w /home/piyush/OpenROAD/test/Nangate45/Nangate45_typ.lib 
ABC: Parsing finished successfully.  Parsing time =     0.11 sec
ABC: Scl_LibertyReadGenlib() skipped cell "ANTENNA_X1" due to dont_use attribute.
ABC: Scl_LibertyReadGenlib() skipped cell "CLKGATETST_X1" without logic function.
ABC: Scl_LibertyReadGenlib() skipped cell "CLKGATETST_X2" without logic function.
ABC: Scl_LibertyReadGenlib() skipped cell "CLKGATETST_X4" without logic function.
ABC: Scl_LibertyReadGenlib() skipped cell "CLKGATETST_X8" without logic function.
ABC: Scl_LibertyReadGenlib() skipped cell "CLKGATE_X1" without logic function.
ABC: Scl_LibertyReadGenlib() skipped cell "CLKGATE_X2" without logic function.
ABC: Scl_LibertyReadGenlib() skipped cell "CLKGATE_X4" without logic function.
ABC: Scl_LibertyReadGenlib() skipped cell "CLKGATE_X8" without logic function.
ABC: Scl_LibertyReadGenlib() skipped sequential cell "DFFRS_X1".
ABC: Scl_LibertyReadGenlib() skipped sequential cell "DFFRS_X2".
ABC: Scl_LibertyReadGenlib() skipped sequential cell "DFFR_X1".
ABC: Scl_LibertyReadGenlib() skipped sequential cell "DFFR_X2".
ABC: Scl_LibertyReadGenlib() skipped sequential cell "DFFS_X1".
ABC: Scl_LibertyReadGenlib() skipped sequential cell "DFFS_X2".
ABC: Scl_LibertyReadGenlib() skipped sequential cell "DFF_X1".
ABC: Scl_LibertyReadGenlib() skipped sequential cell "DFF_X2".
ABC: Scl_LibertyReadGenlib() skipped sequential cell "DLH_X1".
ABC: Scl_LibertyReadGenlib() skipped sequential cell "DLH_X2".
ABC: Scl_LibertyReadGenlib() skipped sequential cell "DLL_X1".
ABC: Scl_LibertyReadGenlib() skipped sequential cell "DLL_X2".
ABC: Scl_LibertyReadGenlib() skipped cell "FILLCELL_X1" due to dont_use attribute.
ABC: Scl_LibertyReadGenlib() skipped cell "FILLCELL_X2" due to dont_use attribute.
ABC: Scl_LibertyReadGenlib() skipped cell "FILLCELL_X4" due to dont_use attribute.
ABC: Scl_LibertyReadGenlib() skipped cell "FILLCELL_X8" due to dont_use attribute.
ABC: Scl_LibertyReadGenlib() skipped cell "FILLCELL_X16" due to dont_use attribute.
ABC: Scl_LibertyReadGenlib() skipped cell "FILLCELL_X32" due to dont_use attribute.
ABC: Scl_LibertyReadGenlib() skipped cell "LOGIC0_X1" due to dont_use attribute.
ABC: Scl_LibertyReadGenlib() skipped cell "LOGIC1_X1" due to dont_use attribute.
ABC: Scl_LibertyReadGenlib() skipped sequential cell "SDFFRS_X1".
ABC: Scl_LibertyReadGenlib() skipped sequential cell "SDFFRS_X2".
ABC: Scl_LibertyReadGenlib() skipped sequential cell "SDFFR_X1".
ABC: Scl_LibertyReadGenlib() skipped sequential cell "SDFFR_X2".
ABC: Scl_LibertyReadGenlib() skipped sequential cell "SDFFS_X1".
ABC: Scl_LibertyReadGenlib() skipped sequential cell "SDFFS_X2".
ABC: Scl_LibertyReadGenlib() skipped sequential cell "SDFF_X1".
ABC: Scl_LibertyReadGenlib() skipped sequential cell "SDFF_X2".
ABC: Scl_LibertyReadGenlib() skipped three-state cell "TBUF_X1".
ABC: Scl_LibertyReadGenlib() skipped three-state cell "TBUF_X2".
ABC: Scl_LibertyReadGenlib() skipped three-state cell "TBUF_X4".
ABC: Scl_LibertyReadGenlib() skipped three-state cell "TBUF_X8".
ABC: Scl_LibertyReadGenlib() skipped three-state cell "TBUF_X16".
ABC: Scl_LibertyReadGenlib() skipped three-state cell "TINV_X1".
ABC: Scl_LibertyReadGenlib() skipped sequential cell "TLAT_X1".
ABC: Library "NangateOpenCellLibrary" from "/home/piyush/OpenROAD/test/Nangate45/Nangate45_typ.lib" has 90 cells (35 skipped: 21 seq; 6 tri-state; 8 no func; 9 dont_use).  Time =     0.18 sec
ABC: Memory =   11.38 MB. Time =     0.18 sec
ABC: Warning: Detected 2 multi-output gates (for example, "FA_X1").
ABC: + strash 
ABC: + &get -n 
ABC: + &fraig -x 
ABC: + &put 
ABC: + scorr 
ABC: Warning: The network is combinational (run "fraig" or "fraig_sweep").
ABC: + dc2 
ABC: + dretime 
ABC: + strash 
ABC: + &get -n 
ABC: + &dch -f 
ABC: + &nf 
ABC: + &put 
ABC: + write_blif <abc-temp-dir>/output.blif 

24.8.2. Re-integrating ABC results.
ABC RESULTS:            INV_X1 cells:        5
ABC RESULTS:            OR3_X1 cells:        1
ABC RESULTS:           NOR3_X1 cells:        2
ABC RESULTS:          AOI22_X1 cells:        1
ABC RESULTS:          XNOR2_X1 cells:        1
ABC RESULTS:          NAND2_X1 cells:        6
ABC RESULTS:          NAND4_X1 cells:        1
ABC RESULTS:         OAI211_X1 cells:        1
ABC RESULTS:           NOR2_X1 cells:        6
ABC RESULTS:          OAI22_X1 cells:        1
ABC RESULTS:          NAND3_X1 cells:        3
ABC RESULTS:           AND2_X1 cells:        9
ABC RESULTS:           AND3_X1 cells:        2
ABC RESULTS:         AOI211_X1 cells:        3
ABC RESULTS:          OAI21_X1 cells:       10
ABC RESULTS:          AOI21_X1 cells:       10
ABC RESULTS:        internal signals:      109
ABC RESULTS:           input signals:        8
ABC RESULTS:          output signals:       16
Removing temp directory.

24.9. Extracting gate netlist of module `\program_counter' to `<abc-temp-dir>/input.blif'..
Extracted 32 gates and 33 wires to a netlist network with 1 inputs and 32 outputs.

24.9.1. Executing ABC.
Running ABC command: "<yosys-exe-dir>/yosys-abc" -s -f <abc-temp-dir>/abc.script 2>&1
ABC: ABC command line: "source <abc-temp-dir>/abc.script".
ABC: 
ABC: + read_blif <abc-temp-dir>/input.blif 
ABC: + read_lib -w /home/piyush/OpenROAD/test/Nangate45/Nangate45_typ.lib 
ABC: Parsing finished successfully.  Parsing time =     0.12 sec
ABC: Scl_LibertyReadGenlib() skipped cell "ANTENNA_X1" due to dont_use attribute.
ABC: Scl_LibertyReadGenlib() skipped cell "CLKGATETST_X1" without logic function.
ABC: Scl_LibertyReadGenlib() skipped cell "CLKGATETST_X2" without logic function.
ABC: Scl_LibertyReadGenlib() skipped cell "CLKGATETST_X4" without logic function.
ABC: Scl_LibertyReadGenlib() skipped cell "CLKGATETST_X8" without logic function.
ABC: Scl_LibertyReadGenlib() skipped cell "CLKGATE_X1" without logic function.
ABC: Scl_LibertyReadGenlib() skipped cell "CLKGATE_X2" without logic function.
ABC: Scl_LibertyReadGenlib() skipped cell "CLKGATE_X4" without logic function.
ABC: Scl_LibertyReadGenlib() skipped cell "CLKGATE_X8" without logic function.
ABC: Scl_LibertyReadGenlib() skipped sequential cell "DFFRS_X1".
ABC: Scl_LibertyReadGenlib() skipped sequential cell "DFFRS_X2".
ABC: Scl_LibertyReadGenlib() skipped sequential cell "DFFR_X1".
ABC: Scl_LibertyReadGenlib() skipped sequential cell "DFFR_X2".
ABC: Scl_LibertyReadGenlib() skipped sequential cell "DFFS_X1".
ABC: Scl_LibertyReadGenlib() skipped sequential cell "DFFS_X2".
ABC: Scl_LibertyReadGenlib() skipped sequential cell "DFF_X1".
ABC: Scl_LibertyReadGenlib() skipped sequential cell "DFF_X2".
ABC: Scl_LibertyReadGenlib() skipped sequential cell "DLH_X1".
ABC: Scl_LibertyReadGenlib() skipped sequential cell "DLH_X2".
ABC: Scl_LibertyReadGenlib() skipped sequential cell "DLL_X1".
ABC: Scl_LibertyReadGenlib() skipped sequential cell "DLL_X2".
ABC: Scl_LibertyReadGenlib() skipped cell "FILLCELL_X1" due to dont_use attribute.
ABC: Scl_LibertyReadGenlib() skipped cell "FILLCELL_X2" due to dont_use attribute.
ABC: Scl_LibertyReadGenlib() skipped cell "FILLCELL_X4" due to dont_use attribute.
ABC: Scl_LibertyReadGenlib() skipped cell "FILLCELL_X8" due to dont_use attribute.
ABC: Scl_LibertyReadGenlib() skipped cell "FILLCELL_X16" due to dont_use attribute.
ABC: Scl_LibertyReadGenlib() skipped cell "FILLCELL_X32" due to dont_use attribute.
ABC: Scl_LibertyReadGenlib() skipped cell "LOGIC0_X1" due to dont_use attribute.
ABC: Scl_LibertyReadGenlib() skipped cell "LOGIC1_X1" due to dont_use attribute.
ABC: Scl_LibertyReadGenlib() skipped sequential cell "SDFFRS_X1".
ABC: Scl_LibertyReadGenlib() skipped sequential cell "SDFFRS_X2".
ABC: Scl_LibertyReadGenlib() skipped sequential cell "SDFFR_X1".
ABC: Scl_LibertyReadGenlib() skipped sequential cell "SDFFR_X2".
ABC: Scl_LibertyReadGenlib() skipped sequential cell "SDFFS_X1".
ABC: Scl_LibertyReadGenlib() skipped sequential cell "SDFFS_X2".
ABC: Scl_LibertyReadGenlib() skipped sequential cell "SDFF_X1".
ABC: Scl_LibertyReadGenlib() skipped sequential cell "SDFF_X2".
ABC: Scl_LibertyReadGenlib() skipped three-state cell "TBUF_X1".
ABC: Scl_LibertyReadGenlib() skipped three-state cell "TBUF_X2".
ABC: Scl_LibertyReadGenlib() skipped three-state cell "TBUF_X4".
ABC: Scl_LibertyReadGenlib() skipped three-state cell "TBUF_X8".
ABC: Scl_LibertyReadGenlib() skipped three-state cell "TBUF_X16".
ABC: Scl_LibertyReadGenlib() skipped three-state cell "TINV_X1".
ABC: Scl_LibertyReadGenlib() skipped sequential cell "TLAT_X1".
ABC: Library "NangateOpenCellLibrary" from "/home/piyush/OpenROAD/test/Nangate45/Nangate45_typ.lib" has 90 cells (35 skipped: 21 seq; 6 tri-state; 8 no func; 9 dont_use).  Time =     0.18 sec
ABC: Memory =   11.38 MB. Time =     0.18 sec
ABC: Warning: Detected 2 multi-output gates (for example, "FA_X1").
ABC: + strash 
ABC: + &get -n 
ABC: + &fraig -x 
ABC: + &put 
ABC: + scorr 
ABC: Warning: The network is combinational (run "fraig" or "fraig_sweep").
ABC: + dc2 
ABC: + dretime 
ABC: + strash 
ABC: + &get -n 
ABC: + &dch -f 
ABC: + &nf 
ABC: + &put 
ABC: + write_blif <abc-temp-dir>/output.blif 

24.9.2. Re-integrating ABC results.
ABC RESULTS:            INV_X1 cells:       32
ABC RESULTS:        internal signals:        0
ABC RESULTS:           input signals:        1
ABC RESULTS:          output signals:       32
Removing temp directory.

24.10. Extracting gate netlist of module `\register_file' to `<abc-temp-dir>/input.blif'..
Extracted 6384 gates and 7427 wires to a netlist network with 1041 inputs and 2048 outputs.

24.10.1. Executing ABC.
Running ABC command: "<yosys-exe-dir>/yosys-abc" -s -f <abc-temp-dir>/abc.script 2>&1
ABC: ABC command line: "source <abc-temp-dir>/abc.script".
ABC: 
ABC: + read_blif <abc-temp-dir>/input.blif 
ABC: + read_lib -w /home/piyush/OpenROAD/test/Nangate45/Nangate45_typ.lib 
ABC: Parsing finished successfully.  Parsing time =     0.11 sec
ABC: Scl_LibertyReadGenlib() skipped cell "ANTENNA_X1" due to dont_use attribute.
ABC: Scl_LibertyReadGenlib() skipped cell "CLKGATETST_X1" without logic function.
ABC: Scl_LibertyReadGenlib() skipped cell "CLKGATETST_X2" without logic function.
ABC: Scl_LibertyReadGenlib() skipped cell "CLKGATETST_X4" without logic function.
ABC: Scl_LibertyReadGenlib() skipped cell "CLKGATETST_X8" without logic function.
ABC: Scl_LibertyReadGenlib() skipped cell "CLKGATE_X1" without logic function.
ABC: Scl_LibertyReadGenlib() skipped cell "CLKGATE_X2" without logic function.
ABC: Scl_LibertyReadGenlib() skipped cell "CLKGATE_X4" without logic function.
ABC: Scl_LibertyReadGenlib() skipped cell "CLKGATE_X8" without logic function.
ABC: Scl_LibertyReadGenlib() skipped sequential cell "DFFRS_X1".
ABC: Scl_LibertyReadGenlib() skipped sequential cell "DFFRS_X2".
ABC: Scl_LibertyReadGenlib() skipped sequential cell "DFFR_X1".
ABC: Scl_LibertyReadGenlib() skipped sequential cell "DFFR_X2".
ABC: Scl_LibertyReadGenlib() skipped sequential cell "DFFS_X1".
ABC: Scl_LibertyReadGenlib() skipped sequential cell "DFFS_X2".
ABC: Scl_LibertyReadGenlib() skipped sequential cell "DFF_X1".
ABC: Scl_LibertyReadGenlib() skipped sequential cell "DFF_X2".
ABC: Scl_LibertyReadGenlib() skipped sequential cell "DLH_X1".
ABC: Scl_LibertyReadGenlib() skipped sequential cell "DLH_X2".
ABC: Scl_LibertyReadGenlib() skipped sequential cell "DLL_X1".
ABC: Scl_LibertyReadGenlib() skipped sequential cell "DLL_X2".
ABC: Scl_LibertyReadGenlib() skipped cell "FILLCELL_X1" due to dont_use attribute.
ABC: Scl_LibertyReadGenlib() skipped cell "FILLCELL_X2" due to dont_use attribute.
ABC: Scl_LibertyReadGenlib() skipped cell "FILLCELL_X4" due to dont_use attribute.
ABC: Scl_LibertyReadGenlib() skipped cell "FILLCELL_X8" due to dont_use attribute.
ABC: Scl_LibertyReadGenlib() skipped cell "FILLCELL_X16" due to dont_use attribute.
ABC: Scl_LibertyReadGenlib() skipped cell "FILLCELL_X32" due to dont_use attribute.
ABC: Scl_LibertyReadGenlib() skipped cell "LOGIC0_X1" due to dont_use attribute.
ABC: Scl_LibertyReadGenlib() skipped cell "LOGIC1_X1" due to dont_use attribute.
ABC: Scl_LibertyReadGenlib() skipped sequential cell "SDFFRS_X1".
ABC: Scl_LibertyReadGenlib() skipped sequential cell "SDFFRS_X2".
ABC: Scl_LibertyReadGenlib() skipped sequential cell "SDFFR_X1".
ABC: Scl_LibertyReadGenlib() skipped sequential cell "SDFFR_X2".
ABC: Scl_LibertyReadGenlib() skipped sequential cell "SDFFS_X1".
ABC: Scl_LibertyReadGenlib() skipped sequential cell "SDFFS_X2".
ABC: Scl_LibertyReadGenlib() skipped sequential cell "SDFF_X1".
ABC: Scl_LibertyReadGenlib() skipped sequential cell "SDFF_X2".
ABC: Scl_LibertyReadGenlib() skipped three-state cell "TBUF_X1".
ABC: Scl_LibertyReadGenlib() skipped three-state cell "TBUF_X2".
ABC: Scl_LibertyReadGenlib() skipped three-state cell "TBUF_X4".
ABC: Scl_LibertyReadGenlib() skipped three-state cell "TBUF_X8".
ABC: Scl_LibertyReadGenlib() skipped three-state cell "TBUF_X16".
ABC: Scl_LibertyReadGenlib() skipped three-state cell "TINV_X1".
ABC: Scl_LibertyReadGenlib() skipped sequential cell "TLAT_X1".
ABC: Library "NangateOpenCellLibrary" from "/home/piyush/OpenROAD/test/Nangate45/Nangate45_typ.lib" has 90 cells (35 skipped: 21 seq; 6 tri-state; 8 no func; 9 dont_use).  Time =     0.17 sec
ABC: Memory =   11.38 MB. Time =     0.17 sec
ABC: Warning: Detected 2 multi-output gates (for example, "FA_X1").
ABC: + strash 
ABC: + &get -n 
ABC: + &fraig -x 
ABC: + &put 
ABC: + scorr 
ABC: Warning: The network is combinational (run "fraig" or "fraig_sweep").
ABC: + dc2 
ABC: + dretime 
ABC: + strash 
ABC: + &get -n 
ABC: + &dch -f 
ABC: + &nf 
ABC: + &put 
ABC: + write_blif <abc-temp-dir>/output.blif 

24.10.2. Re-integrating ABC results.
ABC RESULTS:           NOR2_X1 cells:        6
ABC RESULTS:         AOI211_X1 cells:        1
ABC RESULTS:          NAND4_X1 cells:        4
ABC RESULTS:           MUX2_X1 cells:      992
ABC RESULTS:            OR2_X1 cells:        4
ABC RESULTS:           AND2_X1 cells:        9
ABC RESULTS:           NOR3_X1 cells:       18
ABC RESULTS:         OAI221_X1 cells:       64
ABC RESULTS:         OAI211_X1 cells:       64
ABC RESULTS:          NAND2_X1 cells:      209
ABC RESULTS:           NOR4_X1 cells:      108
ABC RESULTS:          AOI22_X1 cells:      832
ABC RESULTS:           AND4_X1 cells:      128
ABC RESULTS:          NAND3_X1 cells:      145
ABC RESULTS:            INV_X1 cells:     1104
ABC RESULTS:        internal signals:     4338
ABC RESULTS:           input signals:     1041
ABC RESULTS:          output signals:     2048
Removing temp directory.

24.11. Extracting gate netlist of module `\riscv_cpu' to `<abc-temp-dir>/input.blif'..
Extracted 538 gates and 710 wires to a netlist network with 172 inputs and 96 outputs.

24.11.1. Executing ABC.
Running ABC command: "<yosys-exe-dir>/yosys-abc" -s -f <abc-temp-dir>/abc.script 2>&1
ABC: ABC command line: "source <abc-temp-dir>/abc.script".
ABC: 
ABC: + read_blif <abc-temp-dir>/input.blif 
ABC: + read_lib -w /home/piyush/OpenROAD/test/Nangate45/Nangate45_typ.lib 
ABC: Parsing finished successfully.  Parsing time =     0.12 sec
ABC: Scl_LibertyReadGenlib() skipped cell "ANTENNA_X1" due to dont_use attribute.
ABC: Scl_LibertyReadGenlib() skipped cell "CLKGATETST_X1" without logic function.
ABC: Scl_LibertyReadGenlib() skipped cell "CLKGATETST_X2" without logic function.
ABC: Scl_LibertyReadGenlib() skipped cell "CLKGATETST_X4" without logic function.
ABC: Scl_LibertyReadGenlib() skipped cell "CLKGATETST_X8" without logic function.
ABC: Scl_LibertyReadGenlib() skipped cell "CLKGATE_X1" without logic function.
ABC: Scl_LibertyReadGenlib() skipped cell "CLKGATE_X2" without logic function.
ABC: Scl_LibertyReadGenlib() skipped cell "CLKGATE_X4" without logic function.
ABC: Scl_LibertyReadGenlib() skipped cell "CLKGATE_X8" without logic function.
ABC: Scl_LibertyReadGenlib() skipped sequential cell "DFFRS_X1".
ABC: Scl_LibertyReadGenlib() skipped sequential cell "DFFRS_X2".
ABC: Scl_LibertyReadGenlib() skipped sequential cell "DFFR_X1".
ABC: Scl_LibertyReadGenlib() skipped sequential cell "DFFR_X2".
ABC: Scl_LibertyReadGenlib() skipped sequential cell "DFFS_X1".
ABC: Scl_LibertyReadGenlib() skipped sequential cell "DFFS_X2".
ABC: Scl_LibertyReadGenlib() skipped sequential cell "DFF_X1".
ABC: Scl_LibertyReadGenlib() skipped sequential cell "DFF_X2".
ABC: Scl_LibertyReadGenlib() skipped sequential cell "DLH_X1".
ABC: Scl_LibertyReadGenlib() skipped sequential cell "DLH_X2".
ABC: Scl_LibertyReadGenlib() skipped sequential cell "DLL_X1".
ABC: Scl_LibertyReadGenlib() skipped sequential cell "DLL_X2".
ABC: Scl_LibertyReadGenlib() skipped cell "FILLCELL_X1" due to dont_use attribute.
ABC: Scl_LibertyReadGenlib() skipped cell "FILLCELL_X2" due to dont_use attribute.
ABC: Scl_LibertyReadGenlib() skipped cell "FILLCELL_X4" due to dont_use attribute.
ABC: Scl_LibertyReadGenlib() skipped cell "FILLCELL_X8" due to dont_use attribute.
ABC: Scl_LibertyReadGenlib() skipped cell "FILLCELL_X16" due to dont_use attribute.
ABC: Scl_LibertyReadGenlib() skipped cell "FILLCELL_X32" due to dont_use attribute.
ABC: Scl_LibertyReadGenlib() skipped cell "LOGIC0_X1" due to dont_use attribute.
ABC: Scl_LibertyReadGenlib() skipped cell "LOGIC1_X1" due to dont_use attribute.
ABC: Scl_LibertyReadGenlib() skipped sequential cell "SDFFRS_X1".
ABC: Scl_LibertyReadGenlib() skipped sequential cell "SDFFRS_X2".
ABC: Scl_LibertyReadGenlib() skipped sequential cell "SDFFR_X1".
ABC: Scl_LibertyReadGenlib() skipped sequential cell "SDFFR_X2".
ABC: Scl_LibertyReadGenlib() skipped sequential cell "SDFFS_X1".
ABC: Scl_LibertyReadGenlib() skipped sequential cell "SDFFS_X2".
ABC: Scl_LibertyReadGenlib() skipped sequential cell "SDFF_X1".
ABC: Scl_LibertyReadGenlib() skipped sequential cell "SDFF_X2".
ABC: Scl_LibertyReadGenlib() skipped three-state cell "TBUF_X1".
ABC: Scl_LibertyReadGenlib() skipped three-state cell "TBUF_X2".
ABC: Scl_LibertyReadGenlib() skipped three-state cell "TBUF_X4".
ABC: Scl_LibertyReadGenlib() skipped three-state cell "TBUF_X8".
ABC: Scl_LibertyReadGenlib() skipped three-state cell "TBUF_X16".
ABC: Scl_LibertyReadGenlib() skipped three-state cell "TINV_X1".
ABC: Scl_LibertyReadGenlib() skipped sequential cell "TLAT_X1".
ABC: Library "NangateOpenCellLibrary" from "/home/piyush/OpenROAD/test/Nangate45/Nangate45_typ.lib" has 90 cells (35 skipped: 21 seq; 6 tri-state; 8 no func; 9 dont_use).  Time =     0.17 sec
ABC: Memory =   11.38 MB. Time =     0.17 sec
ABC: Warning: Detected 2 multi-output gates (for example, "FA_X1").
ABC: + strash 
ABC: + &get -n 
ABC: + &fraig -x 
ABC: + &put 
ABC: + scorr 
ABC: Warning: The network is combinational (run "fraig" or "fraig_sweep").
ABC: + dc2 
ABC: + dretime 
ABC: + strash 
ABC: + &get -n 
ABC: + &dch -f 
ABC: + &nf 
ABC: + &put 
ABC: + write_blif <abc-temp-dir>/output.blif 

24.11.2. Re-integrating ABC results.
ABC RESULTS:           NOR3_X1 cells:        1
ABC RESULTS:            OR3_X1 cells:        1
ABC RESULTS:           AND2_X1 cells:       12
ABC RESULTS:           NOR2_X1 cells:        8
ABC RESULTS:            INV_X1 cells:       17
ABC RESULTS:            OR2_X1 cells:       12
ABC RESULTS:          NAND3_X1 cells:        9
ABC RESULTS:          NAND2_X1 cells:       33
ABC RESULTS:           XOR2_X1 cells:       32
ABC RESULTS:          NAND4_X1 cells:        2
ABC RESULTS:          OAI21_X1 cells:       15
ABC RESULTS:          XNOR2_X1 cells:       57
ABC RESULTS:          AOI21_X1 cells:       16
ABC RESULTS:           MUX2_X1 cells:      192
ABC RESULTS:        internal signals:      442
ABC RESULTS:           input signals:      172
ABC RESULTS:          output signals:       96
Removing temp directory.

24.12. Extracting gate netlist of module `\top' to `<abc-temp-dir>/input.blif'..
Extracted 0 gates and 0 wires to a netlist network with 0 inputs and 0 outputs.
Don't call ABC as there is nothing to map.
Removing temp directory.

25. Executing OPT_CLEAN pass (remove unused cells and wires).
Finding unused cells or wires in module \alu..
Finding unused cells or wires in module \alu_control..
Finding unused cells or wires in module \branch_unit..
Finding unused cells or wires in module \control_unit..
Finding unused cells or wires in module \data_memory..
Finding unused cells or wires in module \immediate_generator..
Finding unused cells or wires in module \instruction_decoder..
Finding unused cells or wires in module \instruction_memory..
Finding unused cells or wires in module \program_counter..
Finding unused cells or wires in module \register_file..
Finding unused cells or wires in module \riscv_cpu..
Finding unused cells or wires in module \top..
Removed 0 unused cells and 22188 unused wires.
<suppressed ~12 debug messages>

26. Printing statistics.

=== alu ===

   Number of wires:                542
   Number of wire bits:            638
   Number of public wires:           5
   Number of public wire bits:     101
   Number of memories:               0
   Number of memory bits:            0
   Number of processes:              0
   Number of cells:                570
     AND2_X1                        40
     AND3_X1                         2
     AOI211_X1                       2
     AOI21_X1                       52
     AOI221_X1                      25
     AOI222_X1                       2
     AOI22_X1                        4
     INV_X1                         64
     NAND2_X1                       56
     NAND3_X1                        8
     NAND4_X1                        4
     NOR2_X1                        94
     NOR3_X1                        13
     NOR4_X1                         3
     OAI211_X1                      16
     OAI21_X1                       83
     OAI221_X1                      19
     OAI22_X1                       12
     OR2_X1                         11
     OR3_X1                          5
     OR4_X1                          6
     XNOR2_X1                       28
     XOR2_X1                        21

=== alu_control ===

   Number of wires:                 22
   Number of wire bits:             39
   Number of public wires:           4
   Number of public wire bits:      21
   Number of memories:               0
   Number of memory bits:            0
   Number of processes:              0
   Number of cells:                 21
     AND2_X1                         1
     AND4_X1                         2
     AOI21_X1                        2
     INV_X1                          3
     NAND2_X1                        1
     NAND3_X1                        1
     NAND4_X1                        2
     NOR2_X1                         5
     NOR3_X1                         2
     NOR4_X1                         1
     OAI211_X1                       1

=== branch_unit ===

   Number of wires:                 51
   Number of wire bits:            115
   Number of public wires:           5
   Number of public wire bits:      69
   Number of memories:               0
   Number of memory bits:            0
   Number of processes:              0
   Number of cells:                 47
     AOI21_X1                        1
     NAND2_X1                        1
     NAND4_X1                        2
     NOR2_X1                         1
     NOR4_X1                         8
     OAI21_X1                        1
     OR3_X1                          1
     XOR2_X1                        32

=== control_unit ===

   Number of wires:                 18
   Number of wire bits:             24
   Number of public wires:           8
   Number of public wire bits:      14
   Number of memories:               0
   Number of memory bits:            0
   Number of processes:              0
   Number of cells:                 16
     INV_X1                          4
     NAND2_X1                        1
     NAND3_X1                        1
     NAND4_X1                        1
     NOR2_X1                         1
     NOR3_X1                         2
     NOR4_X1                         2
     OAI33_X1                        1
     OR2_X1                          1
     OR3_X1                          2

=== data_memory ===

   Number of wires:              25148
   Number of wire bits:          33177
   Number of public wires:         262
   Number of public wire bits:    8291
   Number of memories:               0
   Number of memory bits:            0
   Number of processes:              0
   Number of cells:              24918
     AND2_X1                        64
     AND3_X1                         6
     AOI21_X1                        5
     DFF_X1                       8192
     INV_X1                          1
     MUX2_X1                     16352
     NAND2_X1                       37
     NOR2_X1                       242
     OAI21_X1                        4
     OR2_X1                         14
     OR3_X1                          1

=== immediate_generator ===

   Number of wires:                 61
   Number of wire bits:            129
   Number of public wires:           3
   Number of public wire bits:      71
   Number of memories:               0
   Number of memory bits:            0
   Number of processes:              0
   Number of cells:                 90
     INV_X1                         22
     NAND2_X1                       19
     NAND3_X1                        4
     NAND4_X1                        3
     NOR2_X1                        10
     NOR3_X1                         2
     NOR4_X1                         4
     OAI21_X1                       25
     OR2_X1                          1

=== instruction_decoder ===

   Number of wires:                  7
   Number of wire bits:             64
   Number of public wires:           7
   Number of public wire bits:      64
   Number of memories:               0
   Number of memory bits:            0
   Number of processes:              0
   Number of cells:                  0

=== instruction_memory ===

   Number of wires:                 48
   Number of wire bits:            110
   Number of public wires:           2
   Number of public wire bits:      64
   Number of memories:               0
   Number of memory bits:            0
   Number of processes:              0
   Number of cells:                 62
     AND2_X1                         9
     AND3_X1                         2
     AOI211_X1                       3
     AOI21_X1                       10
     AOI22_X1                        1
     INV_X1                          5
     NAND2_X1                        6
     NAND3_X1                        3
     NAND4_X1                        1
     NOR2_X1                         6
     NOR3_X1                         2
     OAI211_X1                       1
     OAI21_X1                       10
     OAI22_X1                        1
     OR3_X1                          1
     XNOR2_X1                        1

=== program_counter ===

   Number of wires:                 68
   Number of wire bits:            130
   Number of public wires:           4
   Number of public wire bits:      66
   Number of memories:               0
   Number of memory bits:            0
   Number of processes:              0
   Number of cells:                 64
     DFFR_X1                        32
     INV_X1                         32

=== register_file ===

   Number of wires:               4657
   Number of wire bits:           5754
   Number of public wires:          41
   Number of public wire bits:    1138
   Number of memories:               0
   Number of memory bits:            0
   Number of processes:              0
   Number of cells:               4680
     AND2_X1                         9
     AND4_X1                       128
     AOI211_X1                       1
     AOI22_X1                      832
     DFFR_X1                       992
     INV_X1                       1104
     MUX2_X1                       992
     NAND2_X1                      209
     NAND3_X1                      145
     NAND4_X1                        4
     NOR2_X1                         6
     NOR3_X1                        18
     NOR4_X1                       108
     OAI211_X1                      64
     OAI221_X1                      64
     OR2_X1                          4

=== riscv_cpu ===

   Number of wires:                340
   Number of wire bits:            710
   Number of public wires:          29
   Number of public wire bits:     399
   Number of memories:               0
   Number of memory bits:            0
   Number of processes:              0
   Number of cells:                417
     AND2_X1                        12
     AOI21_X1                       16
     INV_X1                         17
     MUX2_X1                       192
     NAND2_X1                       33
     NAND3_X1                        9
     NAND4_X1                        2
     NOR2_X1                         8
     NOR3_X1                         1
     OAI21_X1                       15
     OR2_X1                         12
     OR3_X1                          1
     XNOR2_X1                       57
     XOR2_X1                        32
     alu                             1
     alu_control                     1
     branch_unit                     1
     control_unit                    1
     data_memory                     1
     immediate_generator             1
     instruction_decoder             1
     instruction_memory              1
     program_counter                 1
     register_file                   1

=== top ===

   Number of wires:                  4
   Number of wire bits:             66
   Number of public wires:           4
   Number of public wire bits:      66
   Number of memories:               0
   Number of memory bits:            0
   Number of processes:              0
   Number of cells:                  1
     riscv_cpu                       1

=== design hierarchy ===

   top                               1
     riscv_cpu                       1
       alu                           1
       alu_control                   1
       branch_unit                   1
       control_unit                  1
       data_memory                   1
       immediate_generator           1
       instruction_decoder           1
       instruction_memory            1
       program_counter               1
       register_file                 1

   Number of wires:              30966
   Number of wire bits:          40956
   Number of public wires:         374
   Number of public wire bits:   10364
   Number of memories:               0
   Number of memory bits:            0
   Number of processes:              0
   Number of cells:              30875
     AND2_X1                       135
     AND3_X1                        10
     AND4_X1                       130
     AOI211_X1                       6
     AOI21_X1                       86
     AOI221_X1                      25
     AOI222_X1                       2
     AOI22_X1                      837
     DFFR_X1                      1024
     DFF_X1                       8192
     INV_X1                       1252
     MUX2_X1                     17536
     NAND2_X1                      363
     NAND3_X1                      171
     NAND4_X1                       19
     NOR2_X1                       373
     NOR3_X1                        40
     NOR4_X1                       126
     OAI211_X1                      82
     OAI21_X1                      138
     OAI221_X1                      83
     OAI22_X1                       13
     OAI33_X1                        1
     OR2_X1                         43
     OR3_X1                         11
     OR4_X1                          6
     XNOR2_X1                       86
     XOR2_X1                        85

27. Executing Verilog backend.

27.1. Executing BMUXMAP pass.

27.2. Executing DEMUXMAP pass.
Dumping module `\alu'.
Dumping module `\alu_control'.
Dumping module `\branch_unit'.
Dumping module `\control_unit'.
Dumping module `\data_memory'.
Dumping module `\immediate_generator'.
Dumping module `\instruction_decoder'.
Dumping module `\instruction_memory'.
Dumping module `\program_counter'.
Dumping module `\register_file'.
Dumping module `\riscv_cpu'.
Dumping module `\top'.

Warnings: 21 unique messages, 85 total
End of script. Logfile hash: d29fa35df0, CPU: user 16.74s system 0.54s, MEM: 101.16 MB peak
Yosys 0.33 (git sha1 2584903a060)
Time spent: 94% 1x abc (242 sec), 1% 16x opt_expr (4 sec), ...
